target,model,tedm_nu,quantity,stage,l1_error,tail_error
student_t_nu1.0,Lip-KL,,joint,pretrained,7.13412167135902,4.237741957662112
student_t_nu1.0,Lip-KL,,marginal_0,pretrained,3.910684448672931,3.3684679079754405
student_t_nu1.0,Lip-KL,,marginal_1,pretrained,5.108326091817137,3.337775424237818
student_t_nu1.0,Lip-KL,,joint,finetuned,1.0815889971540247,0.0627747285611574
student_t_nu1.0,Lip-KL,,marginal_0,finetuned,0.873124113570434,0.05781376907702731
student_t_nu1.0,Lip-KL,,marginal_1,finetuned,0.8584936196178842,0.07879164527078505
student_t_nu1.0,TTF,,joint,pretrained,17.555405635588905,0.13766913407078724
student_t_nu1.0,TTF,,marginal_0,pretrained,6.662722746920173,0.1592632084951014
student_t_nu1.0,TTF,,marginal_1,pretrained,11.373208862243551,0.11396247728946582
student_t_nu1.0,TTF,,joint,finetuned,7.12976184960039,0.149436290992343
student_t_nu1.0,TTF,,marginal_0,finetuned,1.975800871660184,0.07862687917609179
student_t_nu1.0,TTF,,marginal_1,finetuned,5.93574628917623,0.1422285270645533
student_t_nu1.0,Tail-GAN,,joint,pretrained,50.45331066705536,4.948753922789053
student_t_nu1.0,Tail-GAN,,marginal_0,pretrained,24.98140965929584,4.631759635946901
student_t_nu1.0,Tail-GAN,,marginal_1,pretrained,37.67110470596008,4.167582405550545
student_t_nu1.0,Tail-GAN,,joint,finetuned,1.5310240743078825,0.03790672111572611
student_t_nu1.0,Tail-GAN,,marginal_0,finetuned,1.3256082443904422,0.1294064552951519
student_t_nu1.0,Tail-GAN,,marginal_1,finetuned,1.487188442065402,0.054971870102793696
student_t_nu1.0,t-EDM,3,joint,pretrained,6.278143332709524,0.2937672341406976
student_t_nu1.0,t-EDM,3,marginal_0,pretrained,3.343447432468711,0.19000704831361265
student_t_nu1.0,t-EDM,3,marginal_1,pretrained,4.115421854986346,0.2401333360813675
student_t_nu1.0,t-EDM,3,joint,finetuned,1.220451674888318,0.051168801772796146
student_t_nu1.0,t-EDM,3,marginal_0,finetuned,1.286372482400008,0.050170605953482286
student_t_nu1.0,t-EDM,3,marginal_1,finetuned,0.8223617332702972,0.04899811070233122
student_t_nu1.0,SHD,,joint,pretrained,278.4578212953942,2.8022165365185105
student_t_nu1.0,SHD,,marginal_0,pretrained,11.524664318355343,0.8892750757372401
student_t_nu1.0,SHD,,marginal_1,pretrained,274.75872993137193,2.888766897115113
student_t_nu1.0,SHD,,joint,finetuned,51.20421254486445,1.0200299022008346
student_t_nu1.0,SHD,,marginal_0,finetuned,21.39077692628745,1.0013208013799315
student_t_nu1.0,SHD,,marginal_1,finetuned,45.47435436907899,0.9870932083938424
student_t_nu1.0,DLPM,,joint,pretrained,604.2517496303968,0.6594812156904863
student_t_nu1.0,DLPM,,marginal_0,pretrained,482.4969468484162,0.6437238571773675
student_t_nu1.0,DLPM,,marginal_1,pretrained,273.2874868496782,0.6785997499390041
student_t_nu1.0,DLPM,,joint,finetuned,17.286693273745648,0.41948322574019026
student_t_nu1.0,DLPM,,marginal_0,finetuned,10.152533670462164,0.419913184089868
student_t_nu1.0,DLPM,,marginal_1,finetuned,12.009516384200166,0.28583560041175843
student_t_nu1.0,mTAF,,joint,pretrained,67.5723718027456,1.8083026498001864
student_t_nu1.0,mTAF,,marginal_0,pretrained,32.50985476283071,1.727396757861415
student_t_nu1.0,mTAF,,marginal_1,pretrained,54.43228420577485,1.7946575016113884
student_t_nu1.0,mTAF,,joint,finetuned,13.998392568447667,0.3468660929916768
student_t_nu1.0,mTAF,,marginal_0,finetuned,7.918897791436469,0.2899795611779372
student_t_nu1.0,mTAF,,marginal_1,finetuned,10.015758895542138,0.3552043225199706
student_t_nu1.2,Lip-KL,,joint,pretrained,1.6495743028854992,2.059124760794184
student_t_nu1.2,Lip-KL,,marginal_0,pretrained,1.267176482266277,2.0299478888131675
student_t_nu1.2,Lip-KL,,marginal_1,pretrained,0.8419804616021138,1.1952566733428882
student_t_nu1.2,Lip-KL,,joint,finetuned,0.3024373932266407,0.032371147583912
student_t_nu1.2,Lip-KL,,marginal_0,finetuned,0.23502848305254817,0.051111605248170135
student_t_nu1.2,Lip-KL,,marginal_1,finetuned,0.21727567467817374,0.03755245834127581
student_t_nu1.2,TTF,,joint,pretrained,223.32662932273468,0.12582804992636593
student_t_nu1.2,TTF,,marginal_0,pretrained,0.5576597454488534,0.09532310094442656
student_t_nu1.2,TTF,,marginal_1,pretrained,223.2268833541526,0.09513487834756625
student_t_nu1.2,TTF,,joint,finetuned,0.37538999751902685,0.06613562011076457
student_t_nu1.2,TTF,,marginal_0,finetuned,0.30430444816398333,0.0909503666389611
student_t_nu1.2,TTF,,marginal_1,finetuned,0.28068343815463515,0.09353730956008173
student_t_nu1.2,Tail-GAN,,joint,pretrained,4.29074931554076,14.254043976925796
student_t_nu1.2,Tail-GAN,,marginal_0,pretrained,3.167007398383289,8.467918875042482
student_t_nu1.2,Tail-GAN,,marginal_1,pretrained,2.1655643132858726,15.923223662768672
student_t_nu1.2,Tail-GAN,,joint,finetuned,0.3091713181939396,0.03770144923488141
student_t_nu1.2,Tail-GAN,,marginal_0,finetuned,0.2660513013830972,0.04274229328084474
student_t_nu1.2,Tail-GAN,,marginal_1,finetuned,0.1203298555711109,0.0321786299255787
student_t_nu1.2,t-EDM,3,joint,pretrained,0.872380178069572,0.13692962012531543
student_t_nu1.2,t-EDM,3,marginal_0,pretrained,0.6865818044114287,0.069737552095738
student_t_nu1.2,t-EDM,3,marginal_1,pretrained,0.5412469484572167,0.21030758277138695
student_t_nu1.2,t-EDM,3,joint,finetuned,0.09453377369510062,0.02634277367466693
student_t_nu1.2,t-EDM,3,marginal_0,finetuned,0.10029236478592074,0.021289222702817544
student_t_nu1.2,t-EDM,3,marginal_1,finetuned,0.12482383655208193,0.025863151983419617
student_t_nu1.2,SHD,,joint,pretrained,5.739837993760815,0.3524826478962638
student_t_nu1.2,SHD,,marginal_0,pretrained,2.3237794223431543,1.828322183330506
student_t_nu1.2,SHD,,marginal_1,pretrained,5.641044235374514,0.454691416686814
student_t_nu1.2,SHD,,joint,finetuned,1.9138345832309158,0.1863008220917131
student_t_nu1.2,SHD,,marginal_0,finetuned,1.0882356617694116,0.17364698176280635
student_t_nu1.2,SHD,,marginal_1,finetuned,1.3806096007415236,0.17276166991230302
student_t_nu1.2,DLPM,,joint,pretrained,92.27273575231544,0.3212010587059313
student_t_nu1.2,DLPM,,marginal_0,pretrained,84.75018920241226,0.29219236789505487
student_t_nu1.2,DLPM,,marginal_1,pretrained,21.80951318823501,0.3758136988797792
student_t_nu1.2,DLPM,,joint,finetuned,0.5228257276965841,0.08221629142152975
student_t_nu1.2,DLPM,,marginal_0,finetuned,0.403477658934425,0.08099831826710327
student_t_nu1.2,DLPM,,marginal_1,finetuned,0.29082786065547805,0.0807888986782945
student_t_nu1.2,mTAF,,joint,pretrained,3.0166839927408535,0.9373957083004667
student_t_nu1.2,mTAF,,marginal_0,pretrained,2.3412883088888417,0.891041752075554
student_t_nu1.2,mTAF,,marginal_1,pretrained,1.6443907241062055,1.5668056830140402
student_t_nu1.2,mTAF,,joint,finetuned,0.4220901173513686,0.07325944815406385
student_t_nu1.2,mTAF,,marginal_0,finetuned,0.28975824667704025,0.06278910036642797
student_t_nu1.2,mTAF,,marginal_1,finetuned,0.36949656111391205,0.08513784971544644
student_t_nu1.5,Lip-KL,,joint,pretrained,0.3813567428514779,0.9812162480965
student_t_nu1.5,Lip-KL,,marginal_0,pretrained,0.25137216777918725,0.9780395234202311
student_t_nu1.5,Lip-KL,,marginal_1,pretrained,0.19163141916966298,0.16875983864702765
student_t_nu1.5,Lip-KL,,joint,finetuned,0.018394114845022534,0.017042466830806725
student_t_nu1.5,Lip-KL,,marginal_0,finetuned,0.022835735157312402,0.015075208087367797
student_t_nu1.5,Lip-KL,,marginal_1,finetuned,0.03210082443565529,0.012694428515437428
student_t_nu1.5,TTF,,joint,pretrained,10.26475905995324,0.14512045802184756
student_t_nu1.5,TTF,,marginal_0,pretrained,0.29358030463594564,0.07298741641851011
student_t_nu1.5,TTF,,marginal_1,pretrained,10.269253271947541,0.155717237070281
student_t_nu1.5,TTF,,joint,finetuned,0.07110317587830108,0.03948244968183327
student_t_nu1.5,TTF,,marginal_0,finetuned,0.03446264418712559,0.02224478004879533
student_t_nu1.5,TTF,,marginal_1,finetuned,0.0685211071656201,0.038052849249742435
student_t_nu1.5,Tail-GAN,,joint,pretrained,1.6417924597025568,19.053172664838566
student_t_nu1.5,Tail-GAN,,marginal_0,pretrained,1.0154171947992283,18.29308240638436
student_t_nu1.5,Tail-GAN,,marginal_1,pretrained,0.9410268190569516,12.66454875892567
student_t_nu1.5,Tail-GAN,,joint,finetuned,0.05271536145835832,0.04305074040078503
student_t_nu1.5,Tail-GAN,,marginal_0,finetuned,0.05048367103840218,0.051375809097648405
student_t_nu1.5,Tail-GAN,,marginal_1,finetuned,0.04868034354013184,0.049646623818637645
student_t_nu1.5,t-EDM,3,joint,pretrained,0.3712924065565375,0.08561046210111836
student_t_nu1.5,t-EDM,3,marginal_0,pretrained,0.2744908582547169,0.13324124322277336
student_t_nu1.5,t-EDM,3,marginal_1,pretrained,0.2535389384601203,0.08853235542813416
student_t_nu1.5,t-EDM,3,joint,finetuned,0.03742845065361231,0.028101256116076813
student_t_nu1.5,t-EDM,3,marginal_0,finetuned,0.03317029503010826,0.0221816548510513
student_t_nu1.5,t-EDM,3,marginal_1,finetuned,0.04927665064363039,0.03434680922767182
student_t_nu1.5,SHD,,joint,pretrained,14.992982019199493,1.324652742708095
student_t_nu1.5,SHD,,marginal_0,pretrained,0.617917050566306,0.27655030508533485
student_t_nu1.5,SHD,,marginal_1,pretrained,14.369480064250887,1.259274548753314
student_t_nu1.5,SHD,,joint,finetuned,10.447379494142963,0.9852011342591535
student_t_nu1.5,SHD,,marginal_0,finetuned,1.02103788795832,0.7984712262191349
student_t_nu1.5,SHD,,marginal_1,finetuned,10.386693967679726,0.9122834692449429
student_t_nu1.5,DLPM,,joint,pretrained,25.551999890136106,0.2889413031408642
student_t_nu1.5,DLPM,,marginal_0,pretrained,23.07675970563367,0.28502959066405154
student_t_nu1.5,DLPM,,marginal_1,pretrained,7.931953497842553,0.2738440026018467
student_t_nu1.5,DLPM,,joint,finetuned,0.07436676377919967,0.024675644589025002
student_t_nu1.5,DLPM,,marginal_0,finetuned,0.07427930631046467,0.02336621718362708
student_t_nu1.5,DLPM,,marginal_1,finetuned,0.049528230668068135,0.05403487369629152
student_t_nu1.5,mTAF,,joint,pretrained,0.6418326465280726,0.4830220267497582
student_t_nu1.5,mTAF,,marginal_0,pretrained,0.2597211536030921,0.31061016334501607
student_t_nu1.5,mTAF,,marginal_1,pretrained,0.39074378200140875,0.40633715719073277
student_t_nu1.5,mTAF,,joint,finetuned,0.061365250490224614,0.02807201096202012
student_t_nu1.5,mTAF,,marginal_0,finetuned,0.042996251319175664,0.02251480136492425
student_t_nu1.5,mTAF,,marginal_1,finetuned,0.07025581873943303,0.03322213097600331
student_t_nu1.8,Lip-KL,,joint,pretrained,0.10595958568581822,0.05996161839910848
student_t_nu1.8,Lip-KL,,marginal_0,pretrained,0.05510983340271367,0.09737868584056768
student_t_nu1.8,Lip-KL,,marginal_1,pretrained,0.08738278325134465,0.056054970948524005
student_t_nu1.8,Lip-KL,,joint,finetuned,0.0184205505748046,0.03026049401608304
student_t_nu1.8,Lip-KL,,marginal_0,finetuned,0.016399888048815814,0.011545662250033128
student_t_nu1.8,Lip-KL,,marginal_1,finetuned,0.013718300707665821,0.025629817534966803
student_t_nu1.8,TTF,,joint,pretrained,0.33931481329327673,0.2214600510922967
student_t_nu1.8,TTF,,marginal_0,pretrained,0.13551252998281238,0.13606822072000294
student_t_nu1.8,TTF,,marginal_1,pretrained,0.23221873438244273,0.18657922390959825
student_t_nu1.8,TTF,,joint,finetuned,0.025062793259586914,0.025426495021951066
student_t_nu1.8,TTF,,marginal_0,finetuned,0.030037604880321027,0.016470468614555922
student_t_nu1.8,TTF,,marginal_1,finetuned,0.022560747328344937,0.028691658289365506
student_t_nu1.8,Tail-GAN,,joint,pretrained,0.37809573268955443,2.2047592790084245
student_t_nu1.8,Tail-GAN,,marginal_0,pretrained,0.3972897828945361,2.2886640634713737
student_t_nu1.8,Tail-GAN,,marginal_1,pretrained,0.35518178400598566,1.8365193015541912
student_t_nu1.8,Tail-GAN,,joint,finetuned,0.04783619675026731,0.03689137433660492
student_t_nu1.8,Tail-GAN,,marginal_0,finetuned,0.030597651975401076,0.035184567616077356
student_t_nu1.8,Tail-GAN,,marginal_1,finetuned,0.040252168238885694,0.03784915077730768
student_t_nu1.8,t-EDM,7,joint,pretrained,0.21995282562437007,0.10731971483560451
student_t_nu1.8,t-EDM,7,marginal_0,pretrained,0.11102139925553663,0.0825844113029992
student_t_nu1.8,t-EDM,7,marginal_1,pretrained,0.16750419800354308,0.10774541497342058
student_t_nu1.8,t-EDM,7,joint,finetuned,0.02138772020950339,0.02415947424442124
student_t_nu1.8,t-EDM,7,marginal_0,finetuned,0.023474349560069614,0.0121493854971926
student_t_nu1.8,t-EDM,7,marginal_1,finetuned,0.01697985745120351,0.015014205384290458
student_t_nu1.8,SHD,,joint,pretrained,1.4372558170407337,0.4768733954924736
student_t_nu1.8,SHD,,marginal_0,pretrained,0.24759950399088565,0.31073792145949664
student_t_nu1.8,SHD,,marginal_1,pretrained,1.2942117919921872,0.6403992514372981
student_t_nu1.8,SHD,,joint,finetuned,0.02780911367953046,0.021439051938528953
student_t_nu1.8,SHD,,marginal_0,finetuned,0.017134869803065653,0.02122947030123661
student_t_nu1.8,SHD,,marginal_1,finetuned,0.020944465928032365,0.009056131429508164
student_t_nu1.8,DLPM,,joint,pretrained,12.80496988217304,0.27151378026181483
student_t_nu1.8,DLPM,,marginal_0,pretrained,10.386015382691156,0.26243138331910953
student_t_nu1.8,DLPM,,marginal_1,pretrained,5.028820676256096,0.28584774251508477
student_t_nu1.8,DLPM,,joint,finetuned,0.04661882571633587,0.03805687273165528
student_t_nu1.8,DLPM,,marginal_0,finetuned,0.06302702073662524,0.04045631881483351
student_t_nu1.8,DLPM,,marginal_1,finetuned,0.03136460110953589,0.042831383689397914
student_t_nu1.8,mTAF,,joint,pretrained,0.2568936309107711,0.24239383615085192
student_t_nu1.8,mTAF,,marginal_0,pretrained,0.138462070362111,0.1845917771986459
student_t_nu1.8,mTAF,,marginal_1,pretrained,0.16407816238796424,0.25503351985322137
student_t_nu1.8,mTAF,,joint,finetuned,0.03161000627842601,0.014980816835719302
student_t_nu1.8,mTAF,,marginal_0,finetuned,0.01804722789251072,0.019677170607561266
student_t_nu1.8,mTAF,,marginal_1,finetuned,0.02295140961974484,0.0249045319291459
neal_funnel,Lip-KL,,joint,pretrained,0.10233177166742219,0.07627738834507787
neal_funnel,Lip-KL,,marginal_0,pretrained,0.016404857123786608,0.039412302882803354
neal_funnel,Lip-KL,,marginal_1,pretrained,0.10798661385288716,0.07727528401690575
neal_funnel,Lip-KL,,joint,finetuned,0.022940845059926843,0.016585260634933062
neal_funnel,Lip-KL,,marginal_0,finetuned,0.010775980645504633,0.04032738718843556
neal_funnel,Lip-KL,,marginal_1,finetuned,0.022791633557867882,0.018784454543199037
neal_funnel,TTF,,joint,pretrained,0.5237677257117793,0.2756130299430698
neal_funnel,TTF,,marginal_0,pretrained,0.10575715873683884,0.37000094463534594
neal_funnel,TTF,,marginal_1,pretrained,0.46968279507794347,0.21840331319142545
neal_funnel,TTF,,joint,finetuned,0.03848259715950554,0.01721300061817179
neal_funnel,TTF,,marginal_0,finetuned,0.03704353072990353,0.07633291031858527
neal_funnel,TTF,,marginal_1,finetuned,0.02685374967757318,0.013284532271387216
neal_funnel,Tail-GAN,,joint,pretrained,0.8390230107969348,2.4483294479264055
neal_funnel,Tail-GAN,,marginal_0,pretrained,0.35209944001656307,1.0208756538936672
neal_funnel,Tail-GAN,,marginal_1,pretrained,1.4818210419907232,3.7289033111609142
neal_funnel,Tail-GAN,,joint,finetuned,0.024955980877002418,0.03159353265324667
neal_funnel,Tail-GAN,,marginal_0,finetuned,0.014270269570152642,0.03752075719901744
neal_funnel,Tail-GAN,,marginal_1,finetuned,0.022778567949135586,0.03152410653937898
neal_funnel,t-EDM,"4,20",joint,pretrained,0.19225630767254948,0.08716428584494325
neal_funnel,t-EDM,"4,20",marginal_0,pretrained,0.13544328015085563,0.44654727858744836
neal_funnel,t-EDM,"4,20",marginal_1,pretrained,0.10166476583170847,0.07676239588216152
neal_funnel,t-EDM,"4,20",joint,finetuned,0.024610821560038583,0.014107197148390727
neal_funnel,t-EDM,"4,20",marginal_0,finetuned,0.013087543779519144,0.019573703205134872
neal_funnel,t-EDM,"4,20",marginal_1,finetuned,0.02097949193560404,0.012477066645698653
neal_funnel,SHD,,joint,pretrained,1.7376863072052982,0.5958747123099487
neal_funnel,SHD,,marginal_0,pretrained,0.15764683603722804,0.8839170278998575
neal_funnel,SHD,,marginal_1,pretrained,1.711084593647226,0.5755405042031809
neal_funnel,SHD,,joint,finetuned,0.023513756705950503,0.03132844192098492
neal_funnel,SHD,,marginal_0,finetuned,0.011168068569502036,0.03173418656191544
neal_funnel,SHD,,marginal_1,finetuned,0.025065932103930263,0.019531000457576074
neal_funnel,DLPM,,joint,pretrained,8.147617157535699,0.23653926985192789
neal_funnel,DLPM,,marginal_0,pretrained,5.687819186936967,0.20314405930480534
neal_funnel,DLPM,,marginal_1,pretrained,5.228583667810373,0.23225061078865994
neal_funnel,DLPM,,joint,finetuned,0.030474023724663693,0.02260921291338851
neal_funnel,DLPM,,marginal_0,finetuned,0.014585064720165252,0.031198523998671845
neal_funnel,DLPM,,marginal_1,finetuned,0.030283440533132658,0.021559372849829228
neal_funnel,mTAF,,joint,pretrained,0.5653175193114948,0.42865918043979834
neal_funnel,mTAF,,marginal_0,pretrained,0.05650747752416255,0.22348156297752345
neal_funnel,mTAF,,marginal_1,pretrained,0.5127995930277163,0.4213266770421928
neal_funnel,mTAF,,joint,finetuned,0.022770190527068784,0.02068396711555982
neal_funnel,mTAF,,marginal_0,finetuned,0.009327010944284366,0.04274435883610326
neal_funnel,mTAF,,marginal_1,finetuned,0.020638955254909983,0.01926685444008085
ff25,Lip-KL,,joint,pretrained,3.1335105724517036,6.036909695682363
ff25,Lip-KL,,marginal_0,pretrained,0.9998444088863848,2.4650261938364912
ff25,Lip-KL,,marginal_1,pretrained,0.6673223316440344,4.200406909134321
ff25,Lip-KL,,marginal_2,pretrained,0.7110072305332377,4.361066952608839
ff25,Lip-KL,,marginal_3,pretrained,0.6454568173024824,4.3210368338967715
ff25,Lip-KL,,marginal_4,pretrained,0.7006827925857231,2.7320559030248064
ff25,Lip-KL,,marginal_5,pretrained,0.5486787767907747,3.5258323244100644
ff25,Lip-KL,,marginal_6,pretrained,0.5619697639932351,4.295470559787846
ff25,Lip-KL,,marginal_7,pretrained,0.5743118618468094,5.878487141114567
ff25,Lip-KL,,marginal_8,pretrained,0.5519426059222982,4.387138045077356
ff25,Lip-KL,,marginal_9,pretrained,0.7204606120119721,4.383435908515606
ff25,Lip-KL,,marginal_10,pretrained,0.5077211522774026,5.091928735802293
ff25,Lip-KL,,marginal_11,pretrained,0.4367921770875094,4.13978932593673
ff25,Lip-KL,,marginal_12,pretrained,0.46927648581077824,4.297072440163797
ff25,Lip-KL,,marginal_13,pretrained,0.5345433824226177,4.203351958760584
ff25,Lip-KL,,marginal_14,pretrained,0.6749401708368633,3.6283744048071505
ff25,Lip-KL,,marginal_15,pretrained,0.31044409392666994,3.2017921529058206
ff25,Lip-KL,,marginal_16,pretrained,0.42727303628269064,4.132634742905645
ff25,Lip-KL,,marginal_17,pretrained,0.4699644658228194,4.158876270665418
ff25,Lip-KL,,marginal_18,pretrained,0.5109631674706407,3.3068279215341683
ff25,Lip-KL,,marginal_19,pretrained,0.6343749963403211,4.221224429807581
ff25,Lip-KL,,marginal_20,pretrained,0.2894598250685115,3.8389883657690773
ff25,Lip-KL,,marginal_21,pretrained,0.3215663402506986,3.9624890711396974
ff25,Lip-KL,,marginal_22,pretrained,0.35911840758793445,3.304471632270949
ff25,Lip-KL,,marginal_23,pretrained,0.493409782550688,3.4215160658948847
ff25,Lip-KL,,marginal_24,pretrained,0.6374787653746525,3.4452520153190656
ff25,Lip-KL,,joint,finetuned,0.4435075871000925,0.11153076964112332
ff25,Lip-KL,,marginal_0,finetuned,0.2055062901401205,0.08550437008659043
ff25,Lip-KL,,marginal_1,finetuned,0.13269659049612162,0.09869437372463341
ff25,Lip-KL,,marginal_2,finetuned,0.1712148870755908,0.124989195414607
ff25,Lip-KL,,marginal_3,finetuned,0.0967192688963936,0.06636893798746053
ff25,Lip-KL,,marginal_4,finetuned,0.18294684566615557,0.12341291660226301
ff25,Lip-KL,,marginal_5,finetuned,0.16140809815695453,0.10572017398716257
ff25,Lip-KL,,marginal_6,finetuned,0.14178893520500618,0.1358781600504337
ff25,Lip-KL,,marginal_7,finetuned,0.12109866375374072,0.12796868638075773
ff25,Lip-KL,,marginal_8,finetuned,0.0874366542009937,0.07764913998943743
ff25,Lip-KL,,marginal_9,finetuned,0.1476715857902097,0.09257249469975729
ff25,Lip-KL,,marginal_10,finetuned,0.14599460440847287,0.12320497230533116
ff25,Lip-KL,,marginal_11,finetuned,0.12221163466540283,0.13627393411285557
ff25,Lip-KL,,marginal_12,finetuned,0.11323945099593888,0.07843545332249072
ff25,Lip-KL,,marginal_13,finetuned,0.11508672524160381,0.08033682613070044
ff25,Lip-KL,,marginal_14,finetuned,0.15648388104677002,0.10306544234692963
ff25,Lip-KL,,marginal_15,finetuned,0.10566852272088281,0.12634256801371585
ff25,Lip-KL,,marginal_16,finetuned,0.07663177641981601,0.06658546974821145
ff25,Lip-KL,,marginal_17,finetuned,0.07872004154955395,0.09818636637615057
ff25,Lip-KL,,marginal_18,finetuned,0.13929368770632222,0.15952912315150727
ff25,Lip-KL,,marginal_19,finetuned,0.17773791649998993,0.11949067658250363
ff25,Lip-KL,,marginal_20,finetuned,0.10967110780087935,0.1698238329495611
ff25,Lip-KL,,marginal_21,finetuned,0.08327434652055418,0.1320267960090888
ff25,Lip-KL,,marginal_22,finetuned,0.09283120070645064,0.1391535051558211
ff25,Lip-KL,,marginal_23,finetuned,0.1060802397327246,0.07906581044497718
ff25,Lip-KL,,marginal_24,finetuned,0.18669277970786144,0.13946029566079615
ff25,TTF,,joint,pretrained,378.74525408024306,2.2016476660125184
ff25,TTF,,marginal_0,pretrained,1.4991710289502234,0.7126508413013456
ff25,TTF,,marginal_1,pretrained,6.184101709900776,0.9360478462412292
ff25,TTF,,marginal_2,pretrained,1.135158063883449,0.7085836282320945
ff25,TTF,,marginal_3,pretrained,4.047236170538319,0.9987873930101463
ff25,TTF,,marginal_4,pretrained,25.066626381579567,1.083801012281166
ff25,TTF,,marginal_5,pretrained,30.69532387578308,0.8599240807380216
ff25,TTF,,marginal_6,pretrained,21.573925607827448,0.8348217539693866
ff25,TTF,,marginal_7,pretrained,27.59487080565016,0.8248467225437885
ff25,TTF,,marginal_8,pretrained,0.7135900869437697,1.2646692212428172
ff25,TTF,,marginal_9,pretrained,2.8643255637971197,0.9021646792647628
ff25,TTF,,marginal_10,pretrained,1.0188384410810392,0.6821336535164237
ff25,TTF,,marginal_11,pretrained,2.621113364588644,0.8640096290742154
ff25,TTF,,marginal_12,pretrained,41.961814405774476,0.7166477523620236
ff25,TTF,,marginal_13,pretrained,40.98007629290477,0.7967713303327649
ff25,TTF,,marginal_14,pretrained,2.466209246383381,1.0181319747753264
ff25,TTF,,marginal_15,pretrained,2.592222798675435,0.9756635183641006
ff25,TTF,,marginal_16,pretrained,112.82459189090947,0.6442241453405935
ff25,TTF,,marginal_17,pretrained,2.1602232483602646,0.6213324268280157
ff25,TTF,,marginal_18,pretrained,1.0715226166651588,0.7271094668204146
ff25,TTF,,marginal_19,pretrained,1.2816423142722448,0.7058851026911748
ff25,TTF,,marginal_20,pretrained,5.378443791786969,1.1111415843495958
ff25,TTF,,marginal_21,pretrained,37.817605483420024,1.1214499438132686
ff25,TTF,,marginal_22,pretrained,30.87914533818789,1.0488185418780849
ff25,TTF,,marginal_23,pretrained,1.8547683688193493,0.9074778870012532
ff25,TTF,,marginal_24,pretrained,1.3254821381740634,0.5753109050701368
ff25,TTF,,joint,finetuned,0.457524892399853,0.05220938857771247
ff25,TTF,,marginal_0,finetuned,0.21745215986670305,0.10220012239057015
ff25,TTF,,marginal_1,finetuned,0.22886287256121116,0.19150016567580802
ff25,TTF,,marginal_2,finetuned,0.17561833678995323,0.07148389888819917
ff25,TTF,,marginal_3,finetuned,0.18979873549896636,0.23595531995431335
ff25,TTF,,marginal_4,finetuned,0.20154471337297275,0.17578159926597797
ff25,TTF,,marginal_5,finetuned,0.19441392316380302,0.12868744449415237
ff25,TTF,,marginal_6,finetuned,0.1589274543989931,0.1412454204807488
ff25,TTF,,marginal_7,finetuned,0.19828771075068102,0.1417508882551895
ff25,TTF,,marginal_8,finetuned,0.16424192749443714,0.11961655078379793
ff25,TTF,,marginal_9,finetuned,0.22718847930301606,0.19941247718418967
ff25,TTF,,marginal_10,finetuned,0.14755724793350813,0.13060968987815724
ff25,TTF,,marginal_11,finetuned,0.1573276631787272,0.15584371087561077
ff25,TTF,,marginal_12,finetuned,0.13021901401844982,0.12407590957476489
ff25,TTF,,marginal_13,finetuned,0.19825992054085337,0.15036735198312684
ff25,TTF,,marginal_14,finetuned,0.1728494103219317,0.1170048332616429
ff25,TTF,,marginal_15,finetuned,0.09762191046272597,0.10449963232393725
ff25,TTF,,marginal_16,finetuned,0.13906371780198817,0.08436174472941785
ff25,TTF,,marginal_17,finetuned,0.13082072761933622,0.17128168419281517
ff25,TTF,,marginal_18,finetuned,0.1488912577148818,0.159060773739871
ff25,TTF,,marginal_19,finetuned,0.1848049316175842,0.10022332952278838
ff25,TTF,,marginal_20,finetuned,0.12866189012360324,0.16401108610121132
ff25,TTF,,marginal_21,finetuned,0.1529980855102853,0.21440777685765777
ff25,TTF,,marginal_22,finetuned,0.19849476563732607,0.14278741727002733
ff25,TTF,,marginal_23,finetuned,0.23430066828720617,0.20828674653644436
ff25,TTF,,marginal_24,finetuned,0.24188707025818418,0.07513476045426153
ff25,Tail-GAN,,joint,pretrained,6.8178330284885424,2.1013215228420075
ff25,Tail-GAN,,marginal_0,pretrained,1.0167055062608839,1.9733452690447486
ff25,Tail-GAN,,marginal_1,pretrained,0.787368334329087,3.035099596967992
ff25,Tail-GAN,,marginal_2,pretrained,3.2388678662280843,1.868607288223896
ff25,Tail-GAN,,marginal_3,pretrained,2.5784994951026827,1.127101830663666
ff25,Tail-GAN,,marginal_4,pretrained,1.2702620750743912,1.3060419279681899
ff25,Tail-GAN,,marginal_5,pretrained,0.6065438678660687,0.3520162171076766
ff25,Tail-GAN,,marginal_6,pretrained,1.1100026257388695,2.2336923000016045
ff25,Tail-GAN,,marginal_7,pretrained,0.45283490573907587,1.8920071980052389
ff25,Tail-GAN,,marginal_8,pretrained,3.8552940898624506,1.4604115894047125
ff25,Tail-GAN,,marginal_9,pretrained,0.6367401085061639,1.8901201162503654
ff25,Tail-GAN,,marginal_10,pretrained,3.146296389507003,1.2222017659285087
ff25,Tail-GAN,,marginal_11,pretrained,0.5904278721150937,0.4341000123355895
ff25,Tail-GAN,,marginal_12,pretrained,1.2283747943501067,1.595979331386877
ff25,Tail-GAN,,marginal_13,pretrained,1.9389547087571417,1.8556157600020278
ff25,Tail-GAN,,marginal_14,pretrained,2.6160022722818788,17.47289668009651
ff25,Tail-GAN,,marginal_15,pretrained,1.2930380901965215,1.5319181757493372
ff25,Tail-GAN,,marginal_16,pretrained,1.384010588335647,6.9063602677761535
ff25,Tail-GAN,,marginal_17,pretrained,1.0952466519995103,3.188006348988348
ff25,Tail-GAN,,marginal_18,pretrained,0.8057088398529202,4.014089944031278
ff25,Tail-GAN,,marginal_19,pretrained,0.6826454061125032,3.173182585101267
ff25,Tail-GAN,,marginal_20,pretrained,1.1937698680745472,1.1367288288987214
ff25,Tail-GAN,,marginal_21,pretrained,2.001401930799593,15.843150539006075
ff25,Tail-GAN,,marginal_22,pretrained,1.5921938485743143,10.63841621354941
ff25,Tail-GAN,,marginal_23,pretrained,1.6154653833358694,1.6559593046910912
ff25,Tail-GAN,,marginal_24,pretrained,2.443702748080145,1.6888893205455104
ff25,Tail-GAN,,joint,finetuned,0.5123134658409179,0.1107835338714869
ff25,Tail-GAN,,marginal_0,finetuned,0.21521230929296767,0.1147749124181566
ff25,Tail-GAN,,marginal_1,finetuned,0.1675454576513038,0.07940747513043374
ff25,Tail-GAN,,marginal_2,finetuned,0.1438614072822522,0.12061344997429033
ff25,Tail-GAN,,marginal_3,finetuned,0.15320896843778523,0.09145776884917996
ff25,Tail-GAN,,marginal_4,finetuned,0.1762632569893876,0.12935686263015955
ff25,Tail-GAN,,marginal_5,finetuned,0.17746574089868924,0.13563827131913736
ff25,Tail-GAN,,marginal_6,finetuned,0.16209789576766326,0.08465073483107702
ff25,Tail-GAN,,marginal_7,finetuned,0.12452645526468256,0.0781478156723215
ff25,Tail-GAN,,marginal_8,finetuned,0.12186092338610706,0.08854143957505542
ff25,Tail-GAN,,marginal_9,finetuned,0.15287603569508768,0.09443997039021115
ff25,Tail-GAN,,marginal_10,finetuned,0.13798332469603103,0.04526874477320804
ff25,Tail-GAN,,marginal_11,finetuned,0.08835187057857125,0.10163052187528118
ff25,Tail-GAN,,marginal_12,finetuned,0.13619236328535092,0.1418946639689897
ff25,Tail-GAN,,marginal_13,finetuned,0.12149027718483796,0.0778020121068872
ff25,Tail-GAN,,marginal_14,finetuned,0.17197232881817753,0.14417242387404813
ff25,Tail-GAN,,marginal_15,finetuned,0.09893481720833973,0.13397142695564984
ff25,Tail-GAN,,marginal_16,finetuned,0.11385901061017065,0.06935613325038233
ff25,Tail-GAN,,marginal_17,finetuned,0.10482876442616668,0.09784392308179571
ff25,Tail-GAN,,marginal_18,finetuned,0.13611359734527725,0.16788086468279886
ff25,Tail-GAN,,marginal_19,finetuned,0.1863659689619443,0.11709831001848774
ff25,Tail-GAN,,marginal_20,finetuned,0.1251368975022395,0.17883601157022672
ff25,Tail-GAN,,marginal_21,finetuned,0.11414080549276616,0.14140645437740038
ff25,Tail-GAN,,marginal_22,finetuned,0.11185719249904567,0.1283494102120947
ff25,Tail-GAN,,marginal_23,finetuned,0.12066803119103625,0.16716552313766844
ff25,Tail-GAN,,marginal_24,finetuned,0.17997086440351479,0.16219674269382073
ff25,t-EDM,3,joint,pretrained,2.059400686954212,1.1614666226830004
ff25,t-EDM,3,marginal_0,pretrained,0.3352931872737216,0.9335044954464176
ff25,t-EDM,3,marginal_1,pretrained,0.38285513869119014,0.19243100139374747
ff25,t-EDM,3,marginal_2,pretrained,0.4283180250216492,0.21059219899713177
ff25,t-EDM,3,marginal_3,pretrained,0.5072666188487398,0.335285624699274
ff25,t-EDM,3,marginal_4,pretrained,0.4699256978542106,0.2870507786191526
ff25,t-EDM,3,marginal_5,pretrained,0.3793378192713695,0.28724255320992875
ff25,t-EDM,3,marginal_6,pretrained,0.4877264529546126,0.3769346937493052
ff25,t-EDM,3,marginal_7,pretrained,0.4961252185134949,0.3490584892978479
ff25,t-EDM,3,marginal_8,pretrained,0.5708497199751925,0.4121736320256738
ff25,t-EDM,3,marginal_9,pretrained,0.6290644809486101,0.39091787633352815
ff25,t-EDM,3,marginal_10,pretrained,0.2843390074953746,1.1709335403052612
ff25,t-EDM,3,marginal_11,pretrained,0.39261450279676896,0.48721584953697084
ff25,t-EDM,3,marginal_12,pretrained,0.4624134887807216,0.4746927578859779
ff25,t-EDM,3,marginal_13,pretrained,0.46213187399702593,0.37623483647913114
ff25,t-EDM,3,marginal_14,pretrained,0.5073314075300104,1.1511407315050737
ff25,t-EDM,3,marginal_15,pretrained,0.23780539904040568,0.335665498947102
ff25,t-EDM,3,marginal_16,pretrained,0.3344061151365035,0.4297170684396674
ff25,t-EDM,3,marginal_17,pretrained,0.4780405594087135,0.4213782588250127
ff25,t-EDM,3,marginal_18,pretrained,0.4898771629145215,1.2292825308504538
ff25,t-EDM,3,marginal_19,pretrained,0.7506644427697878,0.433276917124117
ff25,t-EDM,3,marginal_20,pretrained,0.2617995517116722,0.4139640678226744
ff25,t-EDM,3,marginal_21,pretrained,0.23715191857731174,0.33667809986297487
ff25,t-EDM,3,marginal_22,pretrained,0.3725804563806798,0.31521004406955033
ff25,t-EDM,3,marginal_23,pretrained,0.4644622422849739,0.35101278246730383
ff25,t-EDM,3,marginal_24,pretrained,0.6975510074546963,0.43403104719781105
ff25,t-EDM,3,joint,finetuned,0.32055007774110483,0.04377245023612926
ff25,t-EDM,3,marginal_0,finetuned,0.2029112880669007,0.0608213403998471
ff25,t-EDM,3,marginal_1,finetuned,0.1705019584392646,0.12054604206530692
ff25,t-EDM,3,marginal_2,finetuned,0.15924157274540565,0.10154266861265074
ff25,t-EDM,3,marginal_3,finetuned,0.12542567799194895,0.09947166176950714
ff25,t-EDM,3,marginal_4,finetuned,0.16679912359676163,0.0628088221451448
ff25,t-EDM,3,marginal_5,finetuned,0.13700176068296444,0.09546099260014426
ff25,t-EDM,3,marginal_6,finetuned,0.12973041718328007,0.11551725690513057
ff25,t-EDM,3,marginal_7,finetuned,0.10858732049588826,0.07541927766047687
ff25,t-EDM,3,marginal_8,finetuned,0.12739702444853065,0.07769939861402937
ff25,t-EDM,3,marginal_9,finetuned,0.10895646923162021,0.08676696548682365
ff25,t-EDM,3,marginal_10,finetuned,0.09476387518592784,0.09585548963440789
ff25,t-EDM,3,marginal_11,finetuned,0.10318229709816772,0.10026501261239784
ff25,t-EDM,3,marginal_12,finetuned,0.1056138987403198,0.07462505628649804
ff25,t-EDM,3,marginal_13,finetuned,0.11210417315647245,0.05076476393964997
ff25,t-EDM,3,marginal_14,finetuned,0.14249779747089483,0.12897576076542935
ff25,t-EDM,3,marginal_15,finetuned,0.1086401445578384,0.11957926127241914
ff25,t-EDM,3,marginal_16,finetuned,0.0905649709900965,0.09003010354606751
ff25,t-EDM,3,marginal_17,finetuned,0.114348927726094,0.07411751879973083
ff25,t-EDM,3,marginal_18,finetuned,0.11961150682309629,0.8925884595031732
ff25,t-EDM,3,marginal_19,finetuned,0.15939705246386238,0.1043348962112169
ff25,t-EDM,3,marginal_20,finetuned,0.10622771910325367,0.1668977040326184
ff25,t-EDM,3,marginal_21,finetuned,0.07219773023466743,0.11356433652953155
ff25,t-EDM,3,marginal_22,finetuned,0.122781112895994,0.09264591381875723
ff25,t-EDM,3,marginal_23,finetuned,0.10298303937202273,0.10999465189421032
ff25,t-EDM,3,marginal_24,finetuned,0.1603019174741685,0.11997032428119134
ff25,SHD,,joint,pretrained,29.24284865459436,5.175156331615224
ff25,SHD,,marginal_0,pretrained,8.96500192137146,2.6072683492407407
ff25,SHD,,marginal_1,pretrained,7.418228703196426,2.579700807642349
ff25,SHD,,marginal_2,pretrained,6.760113986751723,3.31623418602283
ff25,SHD,,marginal_3,pretrained,5.41682808957942,2.3353891811437677
ff25,SHD,,marginal_4,pretrained,6.480715009390009,3.1683177009120067
ff25,SHD,,marginal_5,pretrained,4.876309457696598,2.3038128916056797
ff25,SHD,,marginal_6,pretrained,5.038971671045153,2.497694855166613
ff25,SHD,,marginal_7,pretrained,5.3498904178999,2.536221040854632
ff25,SHD,,marginal_8,pretrained,5.213873300584907,2.505113919322697
ff25,SHD,,marginal_9,pretrained,5.870432282274252,2.4309495881736245
ff25,SHD,,marginal_10,pretrained,4.964238153792423,1.618848609743047
ff25,SHD,,marginal_11,pretrained,4.228691414462095,2.2788650803258728
ff25,SHD,,marginal_12,pretrained,4.23940035800373,2.4570102131532323
ff25,SHD,,marginal_13,pretrained,4.994069474353682,2.5527715782319427
ff25,SHD,,marginal_14,pretrained,6.449581534400645,2.431308283230225
ff25,SHD,,marginal_15,pretrained,4.08604882244124,1.6166123081505877
ff25,SHD,,marginal_16,pretrained,4.262459148816351,1.6837702668493453
ff25,SHD,,marginal_17,pretrained,4.70929853168683,2.5693817133749954
ff25,SHD,,marginal_18,pretrained,5.04783478363637,2.5793049477073327
ff25,SHD,,marginal_19,pretrained,7.134958662099819,2.68886981473149
ff25,SHD,,marginal_20,pretrained,3.20416403794374,1.4768177043241122
ff25,SHD,,marginal_21,pretrained,3.1378777035079373,2.1926853616416766
ff25,SHD,,marginal_22,pretrained,4.378548732804029,2.582386668493201
ff25,SHD,,marginal_23,pretrained,4.642643993838767,2.275380728756167
ff25,SHD,,marginal_24,pretrained,6.065780302091955,2.290181424069292
ff25,SHD,,joint,finetuned,0.37203687118686146,0.0352521529572619
ff25,SHD,,marginal_0,finetuned,0.23025450281218565,0.12012345793257695
ff25,SHD,,marginal_1,finetuned,0.1498591013344503,0.08934277244050355
ff25,SHD,,marginal_2,finetuned,0.17800229611289342,0.1214833275362863
ff25,SHD,,marginal_3,finetuned,0.1811340868332134,0.1246561067789352
ff25,SHD,,marginal_4,finetuned,0.20293317246385564,0.1353670336004659
ff25,SHD,,marginal_5,finetuned,0.13629803928790837,0.13794761146450252
ff25,SHD,,marginal_6,finetuned,0.13987941252775274,0.08293673329923981
ff25,SHD,,marginal_7,finetuned,0.12342990337403062,0.08409657553251788
ff25,SHD,,marginal_8,finetuned,0.18244283514811943,0.05981490197279218
ff25,SHD,,marginal_9,finetuned,0.18309179881189827,0.13852832346141236
ff25,SHD,,marginal_10,finetuned,0.12062687149908276,0.08869649537752225
ff25,SHD,,marginal_11,finetuned,0.12904239685148097,0.1315846533806815
ff25,SHD,,marginal_12,finetuned,0.12455068684177276,0.10278557525590588
ff25,SHD,,marginal_13,finetuned,0.14314823260725468,0.06655876527621614
ff25,SHD,,marginal_14,finetuned,0.13530676357647703,0.09551716676806107
ff25,SHD,,marginal_15,finetuned,0.08900048949986451,0.08264468668187212
ff25,SHD,,marginal_16,finetuned,0.11906561679064026,0.11258167055101272
ff25,SHD,,marginal_17,finetuned,0.16435652708245455,0.11687237150280105
ff25,SHD,,marginal_18,finetuned,0.14875030863720362,0.1295509096372282
ff25,SHD,,marginal_19,finetuned,0.1701629475907539,0.11855621919763826
ff25,SHD,,marginal_20,finetuned,0.15203231485968943,0.2307714369914507
ff25,SHD,,marginal_21,finetuned,0.12396896233315033,0.1864030565799735
ff25,SHD,,marginal_22,finetuned,0.158269330116591,0.1350943602749412
ff25,SHD,,marginal_23,finetuned,0.18102625450340215,0.11380870013908703
ff25,SHD,,marginal_24,finetuned,0.21611255438618743,0.1401648087789478
ff25,DLPM,,joint,pretrained,343.97066941146625,2.976212354584294
ff25,DLPM,,marginal_0,pretrained,89.60108403431026,2.8943929888262216
ff25,DLPM,,marginal_1,pretrained,59.86763731523867,2.8690219703462634
ff25,DLPM,,marginal_2,pretrained,65.52443240245869,2.8641442046121903
ff25,DLPM,,marginal_3,pretrained,62.15019067423543,2.920170308383123
ff25,DLPM,,marginal_4,pretrained,62.813897133369885,2.8893257386635467
ff25,DLPM,,marginal_5,pretrained,66.96738213063063,2.9393859878456956
ff25,DLPM,,marginal_6,pretrained,68.47970875639778,2.928759876069088
ff25,DLPM,,marginal_7,pretrained,62.722634080364806,2.9733450406369646
ff25,DLPM,,marginal_8,pretrained,53.16327938946996,2.930747720966005
ff25,DLPM,,marginal_9,pretrained,74.33526213455687,2.913339980073316
ff25,DLPM,,marginal_10,pretrained,62.4524002843875,2.9690752907915856
ff25,DLPM,,marginal_11,pretrained,53.23847188778186,2.9499638263582773
ff25,DLPM,,marginal_12,pretrained,47.97106198211989,2.945745861044
ff25,DLPM,,marginal_13,pretrained,46.048484924667996,2.9142891295925892
ff25,DLPM,,marginal_14,pretrained,63.99988053939313,2.9211072709624912
ff25,DLPM,,marginal_15,pretrained,40.88471934247732,2.962073282119562
ff25,DLPM,,marginal_16,pretrained,63.02479252222243,2.977980911477807
ff25,DLPM,,marginal_17,pretrained,53.87119409942247,2.9251464982548336
ff25,DLPM,,marginal_18,pretrained,54.840205204322956,2.8855471912109842
ff25,DLPM,,marginal_19,pretrained,71.8204049875506,2.8814754959792075
ff25,DLPM,,marginal_20,pretrained,51.44113296667876,2.925442039646189
ff25,DLPM,,marginal_21,pretrained,38.565751028175,2.9224954655377786
ff25,DLPM,,marginal_22,pretrained,39.08841319520256,2.8650163411103606
ff25,DLPM,,marginal_23,pretrained,71.75385431502639,2.920000133517151
ff25,DLPM,,marginal_24,pretrained,64.52672416739242,2.8618575118667824
ff25,DLPM,,joint,finetuned,0.4289824265400677,0.09155632237691765
ff25,DLPM,,marginal_0,finetuned,0.2208047386618364,0.08001610093722941
ff25,DLPM,,marginal_1,finetuned,0.15044141756869536,0.06210379950655522
ff25,DLPM,,marginal_2,finetuned,0.16401564446014272,0.16045996236609397
ff25,DLPM,,marginal_3,finetuned,0.13105299872371842,0.06402443761130724
ff25,DLPM,,marginal_4,finetuned,0.1482466142516411,0.09184357598416464
ff25,DLPM,,marginal_5,finetuned,0.15232369469350363,0.11367609953655895
ff25,DLPM,,marginal_6,finetuned,0.128167400108783,0.08075312137272672
ff25,DLPM,,marginal_7,finetuned,0.11320872643476913,0.058438738407323346
ff25,DLPM,,marginal_8,finetuned,0.10578622030124053,0.032905371547525264
ff25,DLPM,,marginal_9,finetuned,0.11640744427529498,0.07111748524492492
ff25,DLPM,,marginal_10,finetuned,0.10897111794015785,0.10754081574493937
ff25,DLPM,,marginal_11,finetuned,0.09718031645061109,0.10423270026627358
ff25,DLPM,,marginal_12,finetuned,0.08830389512006534,0.06432626890027542
ff25,DLPM,,marginal_13,finetuned,0.120344968758632,0.10240355981596398
ff25,DLPM,,marginal_14,finetuned,0.1546634095385092,0.11826374343588333
ff25,DLPM,,marginal_15,finetuned,0.0942812921877764,0.9203927581372184
ff25,DLPM,,marginal_16,finetuned,0.10995405597481912,0.07049899808886081
ff25,DLPM,,marginal_17,finetuned,0.10095116982366839,0.10055324359427562
ff25,DLPM,,marginal_18,finetuned,0.10448459051109833,0.13121690759642027
ff25,DLPM,,marginal_19,finetuned,0.19957306715463688,0.13853898329834394
ff25,DLPM,,marginal_20,finetuned,0.1009086892471493,0.12049561020752078
ff25,DLPM,,marginal_21,finetuned,0.14767230586776173,0.9172981631683976
ff25,DLPM,,marginal_22,finetuned,0.0770359166123212,0.8691234907822359
ff25,DLPM,,marginal_23,finetuned,0.10774628521564321,0.09201947186932705
ff25,DLPM,,marginal_24,finetuned,0.18632229518278215,0.08493112151394125
ff25,mTAF,,joint,pretrained,11.409846454662278,3.2033936648011228
ff25,mTAF,,marginal_0,pretrained,3.3431014174413987,2.3210825189498947
ff25,mTAF,,marginal_1,pretrained,2.485434134109225,1.2130859937445055
ff25,mTAF,,marginal_2,pretrained,2.4013725910385397,3.1179924229922604
ff25,mTAF,,marginal_3,pretrained,1.9255989725602947,3.0094034212572622
ff25,mTAF,,marginal_4,pretrained,2.257226204973821,1.2771488708130103
ff25,mTAF,,marginal_5,pretrained,1.9467492774142465,4.200403387588605
ff25,mTAF,,marginal_6,pretrained,1.797404509960518,4.218683288394651
ff25,mTAF,,marginal_7,pretrained,1.5447756708762153,3.2557740460614952
ff25,mTAF,,marginal_8,pretrained,1.594297055958638,2.3358149662636847
ff25,mTAF,,marginal_9,pretrained,2.29347751419714,2.248993414903558
ff25,mTAF,,marginal_10,pretrained,1.7211962650019987,4.306618604662384
ff25,mTAF,,marginal_11,pretrained,1.5293046135262018,3.3643608840200443
ff25,mTAF,,marginal_12,pretrained,1.2048880934028012,3.9077342068422367
ff25,mTAF,,marginal_13,pretrained,1.5309861781410554,2.301354473562532
ff25,mTAF,,marginal_14,pretrained,2.0960136295634,2.234177520001827
ff25,mTAF,,marginal_15,pretrained,1.433796281179015,3.494173011963112
ff25,mTAF,,marginal_16,pretrained,1.3917731648228922,3.213181826269453
ff25,mTAF,,marginal_17,pretrained,1.355847751319152,3.196740120553039
ff25,mTAF,,marginal_18,pretrained,1.6237942475974765,3.1284258649152163
ff25,mTAF,,marginal_19,pretrained,1.9949723506218842,3.046702484702716
ff25,mTAF,,marginal_20,pretrained,1.249357727388244,3.8829795900713515
ff25,mTAF,,marginal_21,pretrained,0.895903628672531,3.156073358525217
ff25,mTAF,,marginal_22,pretrained,0.9632828077801747,2.0260560620745167
ff25,mTAF,,marginal_23,pretrained,1.4325127637428425,3.1964749940292285
ff25,mTAF,,marginal_24,pretrained,2.217796697202054,1.4154502501786712
ff25,mTAF,,joint,finetuned,0.3707863021251536,0.08647800509954758
ff25,mTAF,,marginal_0,finetuned,0.23126457173806497,0.09763800408841813
ff25,mTAF,,marginal_1,finetuned,0.17919526823388415,0.12177385268087706
ff25,mTAF,,marginal_2,finetuned,0.1809073104396864,0.11208338444332018
ff25,mTAF,,marginal_3,finetuned,0.17037327699097468,0.1382086534948254
ff25,mTAF,,marginal_4,finetuned,0.15061782389693112,0.09033107181624452
ff25,mTAF,,marginal_5,finetuned,0.13764150740574216,0.07161242672998018
ff25,mTAF,,marginal_6,finetuned,0.16366726534641612,0.10719927749803596
ff25,mTAF,,marginal_7,finetuned,0.15426693157884286,0.07895761561013666
ff25,mTAF,,marginal_8,finetuned,0.11568287991611753,0.08479675907267872
ff25,mTAF,,marginal_9,finetuned,0.18870811165888896,0.07293764569964438
ff25,mTAF,,marginal_10,finetuned,0.17793444691434446,0.12894156151440936
ff25,mTAF,,marginal_11,finetuned,0.12186557032295459,0.10145313815550545
ff25,mTAF,,marginal_12,finetuned,0.14282659374773943,0.06003320290689949
ff25,mTAF,,marginal_13,finetuned,0.11020129244491594,0.05334906442538658
ff25,mTAF,,marginal_14,finetuned,0.13438470544584818,0.0775188286964528
ff25,mTAF,,marginal_15,finetuned,0.1172571602360121,0.08213533135262494
ff25,mTAF,,marginal_16,finetuned,0.09350591372288214,0.06982888878188512
ff25,mTAF,,marginal_17,finetuned,0.11536512493226606,0.06901163880260848
ff25,mTAF,,marginal_18,finetuned,0.11466880693186211,0.15528090391119348
ff25,mTAF,,marginal_19,finetuned,0.17559843821614288,0.07904534776599648
ff25,mTAF,,marginal_20,finetuned,0.09314060585819267,0.152068645998676
ff25,mTAF,,marginal_21,finetuned,0.11208274958557797,0.14391263854794542
ff25,mTAF,,marginal_22,finetuned,0.11144395545299965,0.11257725605121338
ff25,mTAF,,marginal_23,finetuned,0.164469927516896,0.10863018057112366
ff25,mTAF,,marginal_24,finetuned,0.2120558340820099,0.1496686712919653
streamflow,Lip-KL,,joint,pretrained,2.9196395338188577,8.314867000376909
streamflow,Lip-KL,,marginal_0,pretrained,0.3056706977024766,2.0821606932023373
streamflow,Lip-KL,,marginal_1,pretrained,0.31628140404085553,1.4050870246775424
streamflow,Lip-KL,,marginal_2,pretrained,0.3641464446966351,2.3067422912643423
streamflow,Lip-KL,,marginal_3,pretrained,0.5082448751832132,1.8147775405967692
streamflow,Lip-KL,,marginal_4,pretrained,0.12355492205368801,0.1381928816605297
streamflow,Lip-KL,,marginal_5,pretrained,0.14957191972845593,0.24203607690784432
streamflow,Lip-KL,,marginal_6,pretrained,0.435948407623606,2.300554988201923
streamflow,Lip-KL,,marginal_7,pretrained,0.15642850101025393,1.361108199155599
streamflow,Lip-KL,,marginal_8,pretrained,0.33761873085733746,3.0769540560389723
streamflow,Lip-KL,,marginal_9,pretrained,0.2518369717777478,1.4498416861149908
streamflow,Lip-KL,,marginal_10,pretrained,0.14704215845557753,1.128299765429298
streamflow,Lip-KL,,marginal_11,pretrained,0.2962480633795693,2.443926145040832
streamflow,Lip-KL,,marginal_12,pretrained,0.23717939970750085,2.357523785953583
streamflow,Lip-KL,,marginal_13,pretrained,0.4179671154635607,2.4527217479822054
streamflow,Lip-KL,,marginal_14,pretrained,0.24542458473481749,1.1756635280884729
streamflow,Lip-KL,,marginal_15,pretrained,0.35244617727812,1.4172575747886071
streamflow,Lip-KL,,marginal_16,pretrained,0.3131563103383549,2.258169474579239
streamflow,Lip-KL,,marginal_17,pretrained,0.18920668608252375,2.056812755762235
streamflow,Lip-KL,,marginal_18,pretrained,0.32615606321587565,3.1677804787331154
streamflow,Lip-KL,,marginal_19,pretrained,0.2922085770200804,2.403074813184039
streamflow,Lip-KL,,marginal_20,pretrained,0.1699218957977561,2.178014943975035
streamflow,Lip-KL,,marginal_21,pretrained,0.3416154755424451,3.344723636047334
streamflow,Lip-KL,,marginal_22,pretrained,0.1818904081876648,1.1298830779574893
streamflow,Lip-KL,,marginal_23,pretrained,0.20951700527410247,2.1997185016104384
streamflow,Lip-KL,,marginal_24,pretrained,0.202928367509331,1.4395318075377375
streamflow,Lip-KL,,marginal_25,pretrained,0.33161069985231917,2.673623559332067
streamflow,Lip-KL,,marginal_26,pretrained,0.30368043931733746,3.1063069948981195
streamflow,Lip-KL,,marginal_27,pretrained,0.2880565843940952,3.161997702686584
streamflow,Lip-KL,,marginal_28,pretrained,0.16326683987589707,1.1358667595367071
streamflow,Lip-KL,,marginal_29,pretrained,0.1733506549710076,2.275526062519743
streamflow,Lip-KL,,marginal_30,pretrained,0.1777653603905196,2.17641608305262
streamflow,Lip-KL,,marginal_31,pretrained,0.1647354553697618,2.197435648530815
streamflow,Lip-KL,,marginal_32,pretrained,0.3419945179196212,3.355786245816938
streamflow,Lip-KL,,marginal_33,pretrained,0.18345813359038873,2.260818007109118
streamflow,Lip-KL,,marginal_34,pretrained,0.17761703729486195,1.144731722118999
streamflow,Lip-KL,,marginal_35,pretrained,0.3249034149951643,4.083626261251434
streamflow,Lip-KL,,marginal_36,pretrained,0.15008037563999924,2.1350304363479915
streamflow,Lip-KL,,marginal_37,pretrained,0.4092501717414413,2.2987442800950455
streamflow,Lip-KL,,marginal_38,pretrained,0.14116636688902856,0.42122470718256644
streamflow,Lip-KL,,marginal_39,pretrained,0.17682350793384302,1.2596070933517765
streamflow,Lip-KL,,marginal_40,pretrained,0.15442066593599116,2.2562359831807357
streamflow,Lip-KL,,marginal_41,pretrained,0.1487786112412711,2.966155529869436
streamflow,Lip-KL,,marginal_42,pretrained,0.187962526310772,1.132944436548485
streamflow,Lip-KL,,marginal_43,pretrained,0.10608332255584522,1.457869331505662
streamflow,Lip-KL,,marginal_44,pretrained,0.14931703305314342,1.1459942191541077
streamflow,Lip-KL,,marginal_45,pretrained,0.36394730597562736,3.2307207192015723
streamflow,Lip-KL,,marginal_46,pretrained,0.1296689705351365,1.1525812014499448
streamflow,Lip-KL,,marginal_47,pretrained,0.15681331394510314,1.2425557577634958
streamflow,Lip-KL,,marginal_48,pretrained,0.28487399821103865,1.257529286597706
streamflow,Lip-KL,,marginal_49,pretrained,0.13851329275885696,1.1833756903617656
streamflow,Lip-KL,,marginal_50,pretrained,0.09589362179356176,1.345532505739242
streamflow,Lip-KL,,marginal_51,pretrained,0.14635429917837603,1.5284982403655265
streamflow,Lip-KL,,marginal_52,pretrained,0.28396461510852367,3.2881025188936723
streamflow,Lip-KL,,marginal_53,pretrained,0.17657075518017454,1.2668391177272056
streamflow,Lip-KL,,marginal_54,pretrained,0.2226193930222621,2.3085202899147057
streamflow,Lip-KL,,marginal_55,pretrained,0.21101701747858856,3.2645847616553523
streamflow,Lip-KL,,marginal_56,pretrained,0.10076888880191731,1.0720350649264705
streamflow,Lip-KL,,marginal_57,pretrained,0.1015019118646567,1.0407446652385546
streamflow,Lip-KL,,marginal_58,pretrained,0.2467529328567707,3.1798589533535337
streamflow,Lip-KL,,marginal_59,pretrained,0.23665079957034152,2.457931551085485
streamflow,Lip-KL,,marginal_60,pretrained,0.12961972799835092,1.3814677973804614
streamflow,Lip-KL,,marginal_61,pretrained,0.1326617982805487,1.9794303824069472
streamflow,Lip-KL,,marginal_62,pretrained,0.13583402623945895,2.141948080601373
streamflow,Lip-KL,,marginal_63,pretrained,0.18616640075282098,2.358501872243008
streamflow,Lip-KL,,joint,finetuned,0.37285895234200944,0.11443373685389062
streamflow,Lip-KL,,marginal_0,finetuned,0.2104398274629991,0.24817573706819393
streamflow,Lip-KL,,marginal_1,finetuned,0.16365381754135772,0.23068480586933368
streamflow,Lip-KL,,marginal_2,finetuned,0.10373051245355594,0.10746629757960387
streamflow,Lip-KL,,marginal_3,finetuned,0.12551857499478872,0.08746904320922355
streamflow,Lip-KL,,marginal_4,finetuned,0.13327542998826308,0.1215519729375862
streamflow,Lip-KL,,marginal_5,finetuned,0.16708277149445888,0.1483940205079441
streamflow,Lip-KL,,marginal_6,finetuned,0.063254779841954,0.05818285377871239
streamflow,Lip-KL,,marginal_7,finetuned,0.10904355439566345,0.2294484959861564
streamflow,Lip-KL,,marginal_8,finetuned,0.09771511355627023,0.08319807328666451
streamflow,Lip-KL,,marginal_9,finetuned,0.07201779696871372,0.10216695106243923
streamflow,Lip-KL,,marginal_10,finetuned,0.10922734775518941,0.25184424901331487
streamflow,Lip-KL,,marginal_11,finetuned,0.17168748479774598,0.1269030636047748
streamflow,Lip-KL,,marginal_12,finetuned,0.11824244978685225,0.10840829403908145
streamflow,Lip-KL,,marginal_13,finetuned,0.10240071611761986,0.04715104828004313
streamflow,Lip-KL,,marginal_14,finetuned,0.16224769670217754,0.1322673086439331
streamflow,Lip-KL,,marginal_15,finetuned,0.22201807496127848,0.13547679294803533
streamflow,Lip-KL,,marginal_16,finetuned,0.09736140303857761,0.14463290265925327
streamflow,Lip-KL,,marginal_17,finetuned,0.11232342075749288,0.20513888533447605
streamflow,Lip-KL,,marginal_18,finetuned,0.07359677382496195,0.07782905823221449
streamflow,Lip-KL,,marginal_19,finetuned,0.262691455891389,0.3143878335634064
streamflow,Lip-KL,,marginal_20,finetuned,0.08369190653724115,0.14253897637098165
streamflow,Lip-KL,,marginal_21,finetuned,0.08373846485324121,0.10297394256480388
streamflow,Lip-KL,,marginal_22,finetuned,0.10245561621181598,0.12159680246827312
streamflow,Lip-KL,,marginal_23,finetuned,0.06666742512702814,0.08877790831817205
streamflow,Lip-KL,,marginal_24,finetuned,0.1546673432160278,0.25797625738038327
streamflow,Lip-KL,,marginal_25,finetuned,0.1621942138831743,0.1271784349521626
streamflow,Lip-KL,,marginal_26,finetuned,0.14805535394271696,0.12081405557054044
streamflow,Lip-KL,,marginal_27,finetuned,0.10908161844322432,0.12758238353316811
streamflow,Lip-KL,,marginal_28,finetuned,0.15617530391331227,0.20456572335474554
streamflow,Lip-KL,,marginal_29,finetuned,0.11513102706570848,0.0837153490145373
streamflow,Lip-KL,,marginal_30,finetuned,0.12171240425288359,0.1270765571890648
streamflow,Lip-KL,,marginal_31,finetuned,0.11984453873343696,0.22535777011309147
streamflow,Lip-KL,,marginal_32,finetuned,0.06725274217313809,0.033460094545467035
streamflow,Lip-KL,,marginal_33,finetuned,0.14906907839414663,0.13292576920668964
streamflow,Lip-KL,,marginal_34,finetuned,0.12045735092554855,0.22182565188166095
streamflow,Lip-KL,,marginal_35,finetuned,0.1438568438765487,0.14502554179096824
streamflow,Lip-KL,,marginal_36,finetuned,0.12142062260867212,0.20190187267525647
streamflow,Lip-KL,,marginal_37,finetuned,0.21454877203679212,0.12478047059781563
streamflow,Lip-KL,,marginal_38,finetuned,0.15310732122086038,0.18804686537334242
streamflow,Lip-KL,,marginal_39,finetuned,0.11985634965980645,0.18498020558154155
streamflow,Lip-KL,,marginal_40,finetuned,0.15248278016710537,1.4270014099899675
streamflow,Lip-KL,,marginal_41,finetuned,0.11545635869101616,0.17389136448827122
streamflow,Lip-KL,,marginal_42,finetuned,0.1570305474404967,0.14675538504239544
streamflow,Lip-KL,,marginal_43,finetuned,0.11050094630610201,0.4697275439934641
streamflow,Lip-KL,,marginal_44,finetuned,0.1330186567423521,0.2368008944942515
streamflow,Lip-KL,,marginal_45,finetuned,0.18462462592575832,0.19318962144229787
streamflow,Lip-KL,,marginal_46,finetuned,0.1535421524196663,0.20259416384845386
streamflow,Lip-KL,,marginal_47,finetuned,0.1294058724423494,0.23198481342045377
streamflow,Lip-KL,,marginal_48,finetuned,0.19411246800104018,0.14502370890696642
streamflow,Lip-KL,,marginal_49,finetuned,0.13233999837406094,0.16791966907832434
streamflow,Lip-KL,,marginal_50,finetuned,0.07880967954502625,0.12014398511440852
streamflow,Lip-KL,,marginal_51,finetuned,0.10504524513268301,0.11670252470488256
streamflow,Lip-KL,,marginal_52,finetuned,0.09643365677906963,0.12730071172701898
streamflow,Lip-KL,,marginal_53,finetuned,0.12082955517333899,0.10233413687109434
streamflow,Lip-KL,,marginal_54,finetuned,0.12294112940825956,0.1233891023900358
streamflow,Lip-KL,,marginal_55,finetuned,0.08386216800286375,0.07877823299995187
streamflow,Lip-KL,,marginal_56,finetuned,0.09786678820031885,0.11094887968332509
streamflow,Lip-KL,,marginal_57,finetuned,0.104562605372211,0.1733307870520011
streamflow,Lip-KL,,marginal_58,finetuned,0.11403266886333357,0.149480676115242
streamflow,Lip-KL,,marginal_59,finetuned,0.10791877209469898,0.09627966540977048
streamflow,Lip-KL,,marginal_60,finetuned,0.11088558421967484,0.1382868080211481
streamflow,Lip-KL,,marginal_61,finetuned,0.10000832753867973,0.9323401721294504
streamflow,Lip-KL,,marginal_62,finetuned,0.12426767635674733,0.25837013204717
streamflow,Lip-KL,,marginal_63,finetuned,0.08800216418802095,0.15363926396493638
streamflow,TTF,,joint,pretrained,2000.8732170258854,0.7468029336918577
streamflow,TTF,,marginal_0,pretrained,0.5681639204877832,0.37156949743654677
streamflow,TTF,,marginal_1,pretrained,0.3038901755843013,0.6260674549292664
streamflow,TTF,,marginal_2,pretrained,2.7507132295262107,0.1669068959511951
streamflow,TTF,,marginal_3,pretrained,0.4796354527016932,0.4753432639626899
streamflow,TTF,,marginal_4,pretrained,0.39798775658327734,0.29033860179191556
streamflow,TTF,,marginal_5,pretrained,0.6440404429836445,0.30819836035435855
streamflow,TTF,,marginal_6,pretrained,5.045563857042479,0.3434152318006002
streamflow,TTF,,marginal_7,pretrained,0.10309736283107285,0.15966650751054515
streamflow,TTF,,marginal_8,pretrained,1143.4285672606602,0.2990358166848681
streamflow,TTF,,marginal_9,pretrained,0.20283771494840697,0.21230152034010855
streamflow,TTF,,marginal_10,pretrained,0.13087848571847646,0.19375998943493997
streamflow,TTF,,marginal_11,pretrained,1639.5708513731338,0.2691248403719527
streamflow,TTF,,marginal_12,pretrained,0.24074890165934926,0.5293496593487589
streamflow,TTF,,marginal_13,pretrained,3.311841375788206,0.28540714912329823
streamflow,TTF,,marginal_14,pretrained,0.5927708091675581,0.17935730226702915
streamflow,TTF,,marginal_15,pretrained,117.51281405585925,0.5996112166760945
streamflow,TTF,,marginal_16,pretrained,7.554031282836245,0.09558240273577248
streamflow,TTF,,marginal_17,pretrained,0.5340289422696436,0.16818684156374503
streamflow,TTF,,marginal_18,pretrained,1.581319658722189,0.17857184000631543
streamflow,TTF,,marginal_19,pretrained,0.7214342108529535,0.16547856439346692
streamflow,TTF,,marginal_20,pretrained,0.24184181478709918,0.31868129181460464
streamflow,TTF,,marginal_21,pretrained,0.27255183197675525,0.4589612364069412
streamflow,TTF,,marginal_22,pretrained,0.32615872052684813,0.226627189735978
streamflow,TTF,,marginal_23,pretrained,0.14762188155828765,0.15673947838817082
streamflow,TTF,,marginal_24,pretrained,0.14491786595809708,0.20864604660370026
streamflow,TTF,,marginal_25,pretrained,0.353824816496056,0.3718881184409063
streamflow,TTF,,marginal_26,pretrained,0.7089526226807135,0.42642745760896467
streamflow,TTF,,marginal_27,pretrained,0.22431792490269362,0.36147867427239194
streamflow,TTF,,marginal_28,pretrained,1.2248277015653946,0.18764710090171727
streamflow,TTF,,marginal_29,pretrained,0.14755474213458564,0.10650525185357007
streamflow,TTF,,marginal_30,pretrained,0.2527429748661467,0.19312987209255814
streamflow,TTF,,marginal_31,pretrained,0.31893235348296695,0.39526430317726857
streamflow,TTF,,marginal_32,pretrained,0.3525335027009789,0.5039128819890425
streamflow,TTF,,marginal_33,pretrained,1.86874157348619,0.20446076881451067
streamflow,TTF,,marginal_34,pretrained,0.345705805833899,0.2659621546668859
streamflow,TTF,,marginal_35,pretrained,0.418302603764887,0.5230294547352805
streamflow,TTF,,marginal_36,pretrained,7.912895891710369,0.08978546926192874
streamflow,TTF,,marginal_37,pretrained,2.6135630165686794,0.5816482910227669
streamflow,TTF,,marginal_38,pretrained,0.14498715997397726,0.09015106491983807
streamflow,TTF,,marginal_39,pretrained,0.17060341019573322,0.15002420693299087
streamflow,TTF,,marginal_40,pretrained,0.10519600616860886,0.31758726514560853
streamflow,TTF,,marginal_41,pretrained,0.09309691472783391,0.08199587293495074
streamflow,TTF,,marginal_42,pretrained,0.2396859221194399,0.10388381983138603
streamflow,TTF,,marginal_43,pretrained,0.1537004690270216,0.3385812040617432
streamflow,TTF,,marginal_44,pretrained,0.20812468821639674,0.22021205475259728
streamflow,TTF,,marginal_45,pretrained,0.31743626290894306,0.2422175373041407
streamflow,TTF,,marginal_46,pretrained,1.0785888623303836,0.13919680544643995
streamflow,TTF,,marginal_47,pretrained,1.0130441984285685,0.2612696521453209
streamflow,TTF,,marginal_48,pretrained,0.3809003307043803,0.18827859295982358
streamflow,TTF,,marginal_49,pretrained,0.33357715802176113,0.2683591841984233
streamflow,TTF,,marginal_50,pretrained,0.16502299665429276,0.22903817035422688
streamflow,TTF,,marginal_51,pretrained,0.13969751031199779,0.15080952273818968
streamflow,TTF,,marginal_52,pretrained,0.2767366414895257,0.12963991358215962
streamflow,TTF,,marginal_53,pretrained,0.20087359308990757,0.16503575598386025
streamflow,TTF,,marginal_54,pretrained,8.511571754710115,0.2861117101078445
streamflow,TTF,,marginal_55,pretrained,0.27346309418513826,0.18542106186875623
streamflow,TTF,,marginal_56,pretrained,0.28384064394985276,0.1832702289447457
streamflow,TTF,,marginal_57,pretrained,0.34980513018236437,0.15607233502322118
streamflow,TTF,,marginal_58,pretrained,0.16211928088977318,0.3454839100558772
streamflow,TTF,,marginal_59,pretrained,0.13307542516868642,0.16616876875667394
streamflow,TTF,,marginal_60,pretrained,0.2378573327637319,0.18073759646695572
streamflow,TTF,,marginal_61,pretrained,0.21510102187980196,0.11969322565538909
streamflow,TTF,,marginal_62,pretrained,0.33307349627657284,0.1075423637950624
streamflow,TTF,,marginal_63,pretrained,0.4968821917157418,0.16194509915173777
streamflow,TTF,,joint,finetuned,0.5414884691247736,0.14882569356044376
streamflow,TTF,,marginal_0,finetuned,0.15487425060136323,0.14240617656473703
streamflow,TTF,,marginal_1,finetuned,0.24719991249827508,0.2695834438936138
streamflow,TTF,,marginal_2,finetuned,0.09553786998828336,0.03852271658275659
streamflow,TTF,,marginal_3,finetuned,0.23288806215704075,0.13090578291513777
streamflow,TTF,,marginal_4,finetuned,0.1121060570557622,0.16777494677286234
streamflow,TTF,,marginal_5,finetuned,0.1536045022818539,0.20839192259912148
streamflow,TTF,,marginal_6,finetuned,0.21378725519635358,0.17603123288081574
streamflow,TTF,,marginal_7,finetuned,0.09274250122326147,0.12092412615644052
streamflow,TTF,,marginal_8,finetuned,0.14349768332499466,0.09983527677015769
streamflow,TTF,,marginal_9,finetuned,0.1212382186461315,0.09261683501399279
streamflow,TTF,,marginal_10,finetuned,0.0665041843522799,0.07021512057688215
streamflow,TTF,,marginal_11,finetuned,0.25408723516331444,0.26662541185114497
streamflow,TTF,,marginal_12,finetuned,0.15965450688362276,0.12634196420541507
streamflow,TTF,,marginal_13,finetuned,0.15467291380394238,0.12901799644814482
streamflow,TTF,,marginal_14,finetuned,0.22568086667585807,0.23163288097024243
streamflow,TTF,,marginal_15,finetuned,0.23474829860653573,0.11732611197722795
streamflow,TTF,,marginal_16,finetuned,0.15574388125113978,0.16228814644071304
streamflow,TTF,,marginal_17,finetuned,0.07888433995677183,0.09635908575414573
streamflow,TTF,,marginal_18,finetuned,0.10458369149885635,0.109298119758429
streamflow,TTF,,marginal_19,finetuned,0.14922392874034113,0.08766718190104628
streamflow,TTF,,marginal_20,finetuned,0.08807689131826484,0.10986640810361896
streamflow,TTF,,marginal_21,finetuned,0.10007625157393717,0.06818783922148386
streamflow,TTF,,marginal_22,finetuned,0.1141227716564529,0.11508912756071521
streamflow,TTF,,marginal_23,finetuned,0.05668654447970683,0.0745686301196967
streamflow,TTF,,marginal_24,finetuned,0.11884237091429424,0.16742663525727447
streamflow,TTF,,marginal_25,finetuned,0.14258370774567156,0.09984397317317324
streamflow,TTF,,marginal_26,finetuned,0.23128334228317127,0.33262567823513856
streamflow,TTF,,marginal_27,finetuned,0.09455172470016311,0.11210549755799175
streamflow,TTF,,marginal_28,finetuned,0.1286509772816953,0.1668696544259917
streamflow,TTF,,marginal_29,finetuned,0.12643998560624187,0.2018409716053585
streamflow,TTF,,marginal_30,finetuned,0.1365852380249028,0.2551785376482724
streamflow,TTF,,marginal_31,finetuned,0.034776487396698884,0.07399887667706365
streamflow,TTF,,marginal_32,finetuned,0.11863516051399009,0.11319395095679885
streamflow,TTF,,marginal_33,finetuned,0.16688543452031462,0.23343875533132102
streamflow,TTF,,marginal_34,finetuned,0.11415649054585704,0.1408206801461218
streamflow,TTF,,marginal_35,finetuned,0.18031059642740171,0.1593324699997553
streamflow,TTF,,marginal_36,finetuned,0.10148941877137395,0.21956541149587916
streamflow,TTF,,marginal_37,finetuned,0.3309149355566168,0.23513986081668287
streamflow,TTF,,marginal_38,finetuned,0.0761097347734285,0.13360903404297247
streamflow,TTF,,marginal_39,finetuned,0.09294573552777319,0.15223754037010037
streamflow,TTF,,marginal_40,finetuned,0.08896482725682958,0.33339610054001145
streamflow,TTF,,marginal_41,finetuned,0.058708074701413315,0.07321997512902641
streamflow,TTF,,marginal_42,finetuned,0.20668816374345186,0.19392445415169987
streamflow,TTF,,marginal_43,finetuned,0.06248647818574904,0.21322521251118545
streamflow,TTF,,marginal_44,finetuned,0.07019623542324993,0.09412481479911321
streamflow,TTF,,marginal_45,finetuned,0.1935211125089033,0.16559811390641613
streamflow,TTF,,marginal_46,finetuned,0.12856818516754767,0.2514376955469507
streamflow,TTF,,marginal_47,finetuned,0.10753238864677388,0.1835130502137688
streamflow,TTF,,marginal_48,finetuned,0.2106974333801803,0.2831330073849323
streamflow,TTF,,marginal_49,finetuned,0.119981713249936,0.18794447197899597
streamflow,TTF,,marginal_50,finetuned,0.07907653919126399,0.19020408878448916
streamflow,TTF,,marginal_51,finetuned,0.05453603615065408,0.09840932631581185
streamflow,TTF,,marginal_52,finetuned,0.05911763089470794,0.05156407677518702
streamflow,TTF,,marginal_53,finetuned,0.1170884365599501,0.18792498810916552
streamflow,TTF,,marginal_54,finetuned,0.17843896628071518,0.19401248173397545
streamflow,TTF,,marginal_55,finetuned,0.11620763803011563,0.17318379590804517
streamflow,TTF,,marginal_56,finetuned,0.08598725975920173,0.20282528518539875
streamflow,TTF,,marginal_57,finetuned,0.0806629767344933,0.18358446704344605
streamflow,TTF,,marginal_58,finetuned,0.06748077014689874,0.084493545217277
streamflow,TTF,,marginal_59,finetuned,0.07543893416382193,0.09253313301738442
streamflow,TTF,,marginal_60,finetuned,0.14532072737590135,0.28349099809190736
streamflow,TTF,,marginal_61,finetuned,0.08313835933411545,0.13790766144600955
streamflow,TTF,,marginal_62,finetuned,0.1461916505315643,0.22367256556993378
streamflow,TTF,,marginal_63,finetuned,0.11405245537439211,0.1706426609883833
streamflow,Tail-GAN,,joint,pretrained,3.5643263350817183,0.29349060559351614
streamflow,Tail-GAN,,marginal_0,pretrained,1.1867894968719677,1.4991541017970171
streamflow,Tail-GAN,,marginal_1,pretrained,1.1938484963525458,1.756411583169197
streamflow,Tail-GAN,,marginal_2,pretrained,1.1167321441125058,1.2835828755603742
streamflow,Tail-GAN,,marginal_3,pretrained,1.7959561443860177,1.2475328333208235
streamflow,Tail-GAN,,marginal_4,pretrained,0.43896335642429596,0.3638738201063247
streamflow,Tail-GAN,,marginal_5,pretrained,0.5386396275888964,0.43662814071053707
streamflow,Tail-GAN,,marginal_6,pretrained,1.1735792432449303,0.3923725141203118
streamflow,Tail-GAN,,marginal_7,pretrained,0.32037400944250605,0.3653300230686818
streamflow,Tail-GAN,,marginal_8,pretrained,1.4491376234243045,1.4631763106294204
streamflow,Tail-GAN,,marginal_9,pretrained,1.508517137203807,1.3557476402883732
streamflow,Tail-GAN,,marginal_10,pretrained,0.46226747646195426,0.769194516889146
streamflow,Tail-GAN,,marginal_11,pretrained,1.270175338353378,0.6867203376345243
streamflow,Tail-GAN,,marginal_12,pretrained,1.0013272513010858,1.3346835362744474
streamflow,Tail-GAN,,marginal_13,pretrained,1.3146874094487995,1.2440930840676596
streamflow,Tail-GAN,,marginal_14,pretrained,1.1704820532075946,1.4339321616234915
streamflow,Tail-GAN,,marginal_15,pretrained,1.7513653338287514,1.439634205370397
streamflow,Tail-GAN,,marginal_16,pretrained,1.1805986700435105,1.49393510247612
streamflow,Tail-GAN,,marginal_17,pretrained,0.7909839339434044,1.2567117779951626
streamflow,Tail-GAN,,marginal_18,pretrained,1.018412456246796,1.372848098361322
streamflow,Tail-GAN,,marginal_19,pretrained,1.0239792409316548,1.4339933982956872
streamflow,Tail-GAN,,marginal_20,pretrained,0.3113314988417043,0.4738720628216111
streamflow,Tail-GAN,,marginal_21,pretrained,1.1778881108069807,1.4816034737330768
streamflow,Tail-GAN,,marginal_22,pretrained,0.922931967030339,1.4220630697578112
streamflow,Tail-GAN,,marginal_23,pretrained,0.6548722880400829,0.48110750401505414
streamflow,Tail-GAN,,marginal_24,pretrained,0.8399745493361424,1.5413439022920319
streamflow,Tail-GAN,,marginal_25,pretrained,1.253915115489627,1.564886072429516
streamflow,Tail-GAN,,marginal_26,pretrained,0.7940414338115546,0.678437553914787
streamflow,Tail-GAN,,marginal_27,pretrained,0.9598637486491244,1.3636848202098464
streamflow,Tail-GAN,,marginal_28,pretrained,0.6325890469675637,1.3628795425359308
streamflow,Tail-GAN,,marginal_29,pretrained,0.5190449276717892,1.3001833122850708
streamflow,Tail-GAN,,marginal_30,pretrained,0.5167390601670024,0.4593852534612554
streamflow,Tail-GAN,,marginal_31,pretrained,0.3731744032596118,0.784962783344473
streamflow,Tail-GAN,,marginal_32,pretrained,1.1348511840183908,0.46016639102606305
streamflow,Tail-GAN,,marginal_33,pretrained,0.7269048841118815,0.5893535569100699
streamflow,Tail-GAN,,marginal_34,pretrained,0.4806236621307929,0.8537496130840152
streamflow,Tail-GAN,,marginal_35,pretrained,1.65394515067467,1.205144711634658
streamflow,Tail-GAN,,marginal_36,pretrained,0.20525605728221075,0.5071779272762008
streamflow,Tail-GAN,,marginal_37,pretrained,1.6392922455429215,1.6580073416524712
streamflow,Tail-GAN,,marginal_38,pretrained,0.26309657391067653,0.6881450594494887
streamflow,Tail-GAN,,marginal_39,pretrained,0.3348360043853622,0.5370796951680932
streamflow,Tail-GAN,,marginal_40,pretrained,0.22034772768488642,0.9388730133547867
streamflow,Tail-GAN,,marginal_41,pretrained,0.6282737027000534,0.599697660698537
streamflow,Tail-GAN,,marginal_42,pretrained,0.8993349910428384,1.4503923051957204
streamflow,Tail-GAN,,marginal_43,pretrained,0.42018576127826407,1.2389521621507782
streamflow,Tail-GAN,,marginal_44,pretrained,0.2711784342132092,0.592450938672205
streamflow,Tail-GAN,,marginal_45,pretrained,1.5871482659223415,1.4737480366877844
streamflow,Tail-GAN,,marginal_46,pretrained,0.5872310513040085,0.709552479505408
streamflow,Tail-GAN,,marginal_47,pretrained,0.4250571928838139,0.8427497333742799
streamflow,Tail-GAN,,marginal_48,pretrained,0.6194921078582837,0.651089091767098
streamflow,Tail-GAN,,marginal_49,pretrained,0.625168299913746,0.6255076042768553
streamflow,Tail-GAN,,marginal_50,pretrained,0.34834238965501463,0.7020284173249504
streamflow,Tail-GAN,,marginal_51,pretrained,0.38995543209207895,0.526835460133495
streamflow,Tail-GAN,,marginal_52,pretrained,0.8287184081582222,1.2230421491552117
streamflow,Tail-GAN,,marginal_53,pretrained,0.40239307687541076,0.6029287416630439
streamflow,Tail-GAN,,marginal_54,pretrained,1.0056868728227506,1.2804869542083726
streamflow,Tail-GAN,,marginal_55,pretrained,0.8173935303387793,1.3579940272759257
streamflow,Tail-GAN,,marginal_56,pretrained,0.20663227507735818,1.259385462544858
streamflow,Tail-GAN,,marginal_57,pretrained,0.4514722534088864,1.5024344713283198
streamflow,Tail-GAN,,marginal_58,pretrained,0.7834044350911047,1.3374952682550045
streamflow,Tail-GAN,,marginal_59,pretrained,0.7123385630306296,1.1870746066019553
streamflow,Tail-GAN,,marginal_60,pretrained,0.5725940341139918,0.4758401306272392
streamflow,Tail-GAN,,marginal_61,pretrained,0.32391822614369775,0.736599631495556
streamflow,Tail-GAN,,marginal_62,pretrained,0.5408189762700795,1.2968148202276917
streamflow,Tail-GAN,,marginal_63,pretrained,0.9019818572431849,0.5005365683020606
streamflow,Tail-GAN,,joint,finetuned,0.7650954790941337,0.08996091652514501
streamflow,Tail-GAN,,marginal_0,finetuned,0.36238828594717976,0.2855236114552472
streamflow,Tail-GAN,,marginal_1,finetuned,0.42226150378489846,0.2959507961028557
streamflow,Tail-GAN,,marginal_2,finetuned,0.20146000339131848,0.2271640894103948
streamflow,Tail-GAN,,marginal_3,finetuned,0.4170371655691442,0.11839193266298616
streamflow,Tail-GAN,,marginal_4,finetuned,0.2695421141059428,0.16246843965567573
streamflow,Tail-GAN,,marginal_5,finetuned,0.3355941263253655,0.16363645142282646
streamflow,Tail-GAN,,marginal_6,finetuned,0.26217888292656505,0.12606008011198971
streamflow,Tail-GAN,,marginal_7,finetuned,0.2929755023511102,0.9028418751268281
streamflow,Tail-GAN,,marginal_8,finetuned,0.21340910047568779,0.1085868096933125
streamflow,Tail-GAN,,marginal_9,finetuned,0.3699034008594603,0.12298566808505358
streamflow,Tail-GAN,,marginal_10,finetuned,0.17918440017987383,0.924293692843991
streamflow,Tail-GAN,,marginal_11,finetuned,0.3782628917922635,0.15398007846416242
streamflow,Tail-GAN,,marginal_12,finetuned,0.3006982805576303,0.1197877115666873
streamflow,Tail-GAN,,marginal_13,finetuned,0.18497882128611012,0.08208652457144364
streamflow,Tail-GAN,,marginal_14,finetuned,0.32821772703258534,0.18925690017332197
streamflow,Tail-GAN,,marginal_15,finetuned,0.7418366156523472,0.35321786602291705
streamflow,Tail-GAN,,marginal_16,finetuned,0.23776303091504417,0.16029646691137645
streamflow,Tail-GAN,,marginal_17,finetuned,0.1988123600569383,0.2708408184892527
streamflow,Tail-GAN,,marginal_18,finetuned,0.18314627363707572,0.10473627133283689
streamflow,Tail-GAN,,marginal_19,finetuned,0.4894763305762737,0.39969202858780584
streamflow,Tail-GAN,,marginal_20,finetuned,0.14557325544853442,0.15184106701929384
streamflow,Tail-GAN,,marginal_21,finetuned,0.19539314257733795,0.08910601469297483
streamflow,Tail-GAN,,marginal_22,finetuned,0.2117670492328058,0.13398720890194193
streamflow,Tail-GAN,,marginal_23,finetuned,0.18600151314307328,0.09183011729617749
streamflow,Tail-GAN,,marginal_24,finetuned,0.3174404492628776,0.3318333409887429
streamflow,Tail-GAN,,marginal_25,finetuned,0.29808884759779636,0.15572485467683234
streamflow,Tail-GAN,,marginal_26,finetuned,0.2219864974446496,0.09427359264006636
streamflow,Tail-GAN,,marginal_27,finetuned,0.2379224252402497,0.19314136094346185
streamflow,Tail-GAN,,marginal_28,finetuned,0.28618178841384223,0.2043653920876422
streamflow,Tail-GAN,,marginal_29,finetuned,0.21704871389084476,0.12060652157170881
streamflow,Tail-GAN,,marginal_30,finetuned,0.19651792586105896,0.1550919932301778
streamflow,Tail-GAN,,marginal_31,finetuned,0.15236290011702813,0.20759759681528847
streamflow,Tail-GAN,,marginal_32,finetuned,0.1512316371534554,0.05807657589816295
streamflow,Tail-GAN,,marginal_33,finetuned,0.29308944477180177,0.14486301607073987
streamflow,Tail-GAN,,marginal_34,finetuned,0.1743276235703785,0.9507389404496276
streamflow,Tail-GAN,,marginal_35,finetuned,0.31063275096384163,0.1671608923423595
streamflow,Tail-GAN,,marginal_36,finetuned,0.14629801586207153,0.19809799746215467
streamflow,Tail-GAN,,marginal_37,finetuned,0.5228551483542757,0.24847454403933966
streamflow,Tail-GAN,,marginal_38,finetuned,0.1886284405321616,0.25276827854274025
streamflow,Tail-GAN,,marginal_39,finetuned,0.17337244573081415,0.19684083063089686
streamflow,Tail-GAN,,marginal_40,finetuned,0.2027247447658041,3.842584689515374
streamflow,Tail-GAN,,marginal_41,finetuned,0.20333093848266998,0.17825939087414214
streamflow,Tail-GAN,,marginal_42,finetuned,0.33118528049283336,0.1803069395316109
streamflow,Tail-GAN,,marginal_43,finetuned,0.15617502435988503,0.7066804350360549
streamflow,Tail-GAN,,marginal_44,finetuned,0.20840855300005032,0.2040869860795985
streamflow,Tail-GAN,,marginal_45,finetuned,0.3651545488695666,0.17705304708103728
streamflow,Tail-GAN,,marginal_46,finetuned,0.24163694427373947,0.17610747350498301
streamflow,Tail-GAN,,marginal_47,finetuned,0.214121862329409,0.9610954455597372
streamflow,Tail-GAN,,marginal_48,finetuned,0.35190952598565217,1.0285839414538398
streamflow,Tail-GAN,,marginal_49,finetuned,0.25695955865921677,0.18341744412089317
streamflow,Tail-GAN,,marginal_50,finetuned,0.15428253802959385,0.19228898867039484
streamflow,Tail-GAN,,marginal_51,finetuned,0.17086780625651676,0.10224833867816721
streamflow,Tail-GAN,,marginal_52,finetuned,0.2017229571717471,0.09836891993682206
streamflow,Tail-GAN,,marginal_53,finetuned,0.1611245161872141,0.16403414428727234
streamflow,Tail-GAN,,marginal_54,finetuned,0.3630556798627559,0.19529483960352056
streamflow,Tail-GAN,,marginal_55,finetuned,0.1857938929333739,0.08453637382887269
streamflow,Tail-GAN,,marginal_56,finetuned,0.16366129638764706,0.10699557257963319
streamflow,Tail-GAN,,marginal_57,finetuned,0.15818462488825638,0.10830943059441941
streamflow,Tail-GAN,,marginal_58,finetuned,0.19901158317273795,0.17619709959836313
streamflow,Tail-GAN,,marginal_59,finetuned,0.21597858393021185,0.10667257793156311
streamflow,Tail-GAN,,marginal_60,finetuned,0.252379601231377,0.15343544334215115
streamflow,Tail-GAN,,marginal_61,finetuned,0.14611606296235688,0.8870203228893058
streamflow,Tail-GAN,,marginal_62,finetuned,0.2105965765984185,0.17969127420108794
streamflow,Tail-GAN,,marginal_63,finetuned,0.21113540592867655,0.20184120400011726
streamflow,t-EDM,5,joint,pretrained,2.4654457625712323,0.5242507527688576
streamflow,t-EDM,5,marginal_0,pretrained,0.43356734036062156,0.5518612767977247
streamflow,t-EDM,5,marginal_1,pretrained,0.22986657720641102,0.2643723204385055
streamflow,t-EDM,5,marginal_2,pretrained,0.35695688394676484,1.2512479175584854
streamflow,t-EDM,5,marginal_3,pretrained,0.30078794812866594,0.9096944182769973
streamflow,t-EDM,5,marginal_4,pretrained,0.10586333995867254,0.20514364782971964
streamflow,t-EDM,5,marginal_5,pretrained,0.14124563561701844,0.22494991931998348
streamflow,t-EDM,5,marginal_6,pretrained,0.40820392853418724,1.3219767186389484
streamflow,t-EDM,5,marginal_7,pretrained,0.15313578054827318,0.19773220824119336
streamflow,t-EDM,5,marginal_8,pretrained,0.2802960685603626,0.3615824641255179
streamflow,t-EDM,5,marginal_9,pretrained,0.17358888081923518,0.11056730649180921
streamflow,t-EDM,5,marginal_10,pretrained,0.14364834345885874,0.24819573790152655
streamflow,t-EDM,5,marginal_11,pretrained,0.2158810138568671,0.33214451394579625
streamflow,t-EDM,5,marginal_12,pretrained,0.1284673167201893,0.13516800596491604
streamflow,t-EDM,5,marginal_13,pretrained,0.3719793431132795,0.5530236060441263
streamflow,t-EDM,5,marginal_14,pretrained,0.2854684521682934,0.2450799699666287
streamflow,t-EDM,5,marginal_15,pretrained,0.28482677478921475,0.4144919010650039
streamflow,t-EDM,5,marginal_16,pretrained,0.1889553006874929,0.12721035046290427
streamflow,t-EDM,5,marginal_17,pretrained,0.1728547896273117,0.15651850248843985
streamflow,t-EDM,5,marginal_18,pretrained,0.3237385590185916,1.252536909438087
streamflow,t-EDM,5,marginal_19,pretrained,0.22410894695998976,0.1507238288243707
streamflow,t-EDM,5,marginal_20,pretrained,0.29203907829877074,0.4642188887562536
streamflow,t-EDM,5,marginal_21,pretrained,0.18739263692037073,0.9727194457679296
streamflow,t-EDM,5,marginal_22,pretrained,0.23838615505449878,0.33639610111100654
streamflow,t-EDM,5,marginal_23,pretrained,0.15544343259946997,0.11489170416809676
streamflow,t-EDM,5,marginal_24,pretrained,0.1101287443083067,0.11515033834138269
streamflow,t-EDM,5,marginal_25,pretrained,0.16278327047390354,0.09592501561228958
streamflow,t-EDM,5,marginal_26,pretrained,0.3871689714432865,0.4206093371814649
streamflow,t-EDM,5,marginal_27,pretrained,0.22936063426435233,0.2498512410021144
streamflow,t-EDM,5,marginal_28,pretrained,0.10870182773157695,0.24708089466701666
streamflow,t-EDM,5,marginal_29,pretrained,0.11994549278064792,0.03454370544933738
streamflow,t-EDM,5,marginal_30,pretrained,0.15553999454793235,0.21516162278790843
streamflow,t-EDM,5,marginal_31,pretrained,0.12580186123720255,1.0077126704359411
streamflow,t-EDM,5,marginal_32,pretrained,0.24786326521685018,0.24347575516810158
streamflow,t-EDM,5,marginal_33,pretrained,0.14756393423918104,0.15162643311111745
streamflow,t-EDM,5,marginal_34,pretrained,0.18798264686651533,0.17938860948385324
streamflow,t-EDM,5,marginal_35,pretrained,0.1630472986287977,0.1476050302685529
streamflow,t-EDM,5,marginal_36,pretrained,0.13069069796121385,0.27364791287693213
streamflow,t-EDM,5,marginal_37,pretrained,0.26759173872966036,0.27296060556411056
streamflow,t-EDM,5,marginal_38,pretrained,0.16829386005829317,0.2686532195705345
streamflow,t-EDM,5,marginal_39,pretrained,0.29638946017310924,0.23666999060217314
streamflow,t-EDM,5,marginal_40,pretrained,0.07365823880531944,0.22286167656818115
streamflow,t-EDM,5,marginal_41,pretrained,0.13767204265584906,0.13384423642362164
streamflow,t-EDM,5,marginal_42,pretrained,0.2318448281732108,0.29416234353944226
streamflow,t-EDM,5,marginal_43,pretrained,0.1292210462561946,0.37229966406838677
streamflow,t-EDM,5,marginal_44,pretrained,0.1340092387709657,0.19584186018696906
streamflow,t-EDM,5,marginal_45,pretrained,0.23157812533147293,0.3356633150663786
streamflow,t-EDM,5,marginal_46,pretrained,0.0998745446295197,0.21935021699351628
streamflow,t-EDM,5,marginal_47,pretrained,0.19596375226701518,0.1622579792932589
streamflow,t-EDM,5,marginal_48,pretrained,0.4810135326179148,1.121317486487691
streamflow,t-EDM,5,marginal_49,pretrained,0.1134305476976282,0.0977273809370082
streamflow,t-EDM,5,marginal_50,pretrained,0.16372595972357162,0.16591988294938498
streamflow,t-EDM,5,marginal_51,pretrained,0.1646784205945161,0.2387939548536678
streamflow,t-EDM,5,marginal_52,pretrained,0.1956573932643702,1.0609951362844185
streamflow,t-EDM,5,marginal_53,pretrained,0.24727651626784372,0.21185257911603378
streamflow,t-EDM,5,marginal_54,pretrained,0.1799275703799992,0.3169681171244613
streamflow,t-EDM,5,marginal_55,pretrained,0.19253594984859823,1.1438685522931602
streamflow,t-EDM,5,marginal_56,pretrained,0.11439339224929672,0.23295480480203956
streamflow,t-EDM,5,marginal_57,pretrained,0.09905335705861326,0.16943225885926907
streamflow,t-EDM,5,marginal_58,pretrained,0.1686651306916078,0.12141841435639222
streamflow,t-EDM,5,marginal_59,pretrained,0.17683603893299324,0.2199602405336793
streamflow,t-EDM,5,marginal_60,pretrained,0.19264124634158966,0.4131561775245457
streamflow,t-EDM,5,marginal_61,pretrained,0.13869506457787864,0.13277899890176215
streamflow,t-EDM,5,marginal_62,pretrained,0.16437843015129258,0.35519674506807564
streamflow,t-EDM,5,marginal_63,pretrained,0.16965426760027125,0.0988712573806644
streamflow,t-EDM,5,joint,finetuned,0.33929877824027715,0.0698520125375381
streamflow,t-EDM,5,marginal_0,finetuned,0.13424252404392187,0.06703586844312648
streamflow,t-EDM,5,marginal_1,finetuned,0.1565702613144451,0.09606192005547695
streamflow,t-EDM,5,marginal_2,finetuned,0.11624013450125185,0.13170346614611117
streamflow,t-EDM,5,marginal_3,finetuned,0.21015291520522708,0.13064056437487798
streamflow,t-EDM,5,marginal_4,finetuned,0.04434840426340628,0.0637874436051745
streamflow,t-EDM,5,marginal_5,finetuned,0.07073431761313154,0.12617697964014768
streamflow,t-EDM,5,marginal_6,finetuned,0.11941126022185862,0.10442023163168483
streamflow,t-EDM,5,marginal_7,finetuned,0.07151927193787382,0.1741485635295122
streamflow,t-EDM,5,marginal_8,finetuned,0.11774077362695631,0.08314660658205333
streamflow,t-EDM,5,marginal_9,finetuned,0.15138018054144375,0.11002319740783942
streamflow,t-EDM,5,marginal_10,finetuned,0.06083161537618841,0.10159216647952649
streamflow,t-EDM,5,marginal_11,finetuned,0.13550820696977506,0.08613837941698803
streamflow,t-EDM,5,marginal_12,finetuned,0.11122647763229673,0.08042404757076163
streamflow,t-EDM,5,marginal_13,finetuned,0.07415801747627633,0.06548386735928582
streamflow,t-EDM,5,marginal_14,finetuned,0.09821972083946318,0.10720097093200953
streamflow,t-EDM,5,marginal_15,finetuned,0.19680862162469062,0.1133094850976237
streamflow,t-EDM,5,marginal_16,finetuned,0.119188106891967,0.1471814202016682
streamflow,t-EDM,5,marginal_17,finetuned,0.10075779162023632,0.1349047498477572
streamflow,t-EDM,5,marginal_18,finetuned,0.07466908988553986,0.06752294374557707
streamflow,t-EDM,5,marginal_19,finetuned,0.15674656229349002,0.05692983906332734
streamflow,t-EDM,5,marginal_20,finetuned,0.05494525251035807,0.059423135745750734
streamflow,t-EDM,5,marginal_21,finetuned,0.08951736346282303,0.09717849575357958
streamflow,t-EDM,5,marginal_22,finetuned,0.0825015092364157,0.07967682792969025
streamflow,t-EDM,5,marginal_23,finetuned,0.11525506081200351,0.10699496975942299
streamflow,t-EDM,5,marginal_24,finetuned,0.07221168632337302,0.05286974203861259
streamflow,t-EDM,5,marginal_25,finetuned,0.12339731700933855,0.04690936480252583
streamflow,t-EDM,5,marginal_26,finetuned,0.08381825411881903,0.0579890391295379
streamflow,t-EDM,5,marginal_27,finetuned,0.09191611829815748,0.07725166025885781
streamflow,t-EDM,5,marginal_28,finetuned,0.08323456341611547,0.11698575721192492
streamflow,t-EDM,5,marginal_29,finetuned,0.06878432225111923,0.044818584072323954
streamflow,t-EDM,5,marginal_30,finetuned,0.06707819660930103,0.06339550796182432
streamflow,t-EDM,5,marginal_31,finetuned,0.0475036986236581,0.12123716077262695
streamflow,t-EDM,5,marginal_32,finetuned,0.07902228304541542,0.06830156143057331
streamflow,t-EDM,5,marginal_33,finetuned,0.0956863001032836,0.10008573325494927
streamflow,t-EDM,5,marginal_34,finetuned,0.05477081088097114,0.0678705782996533
streamflow,t-EDM,5,marginal_35,finetuned,0.0970898754671671,0.06423296727990142
streamflow,t-EDM,5,marginal_36,finetuned,0.05339227867165018,0.08395301441069525
streamflow,t-EDM,5,marginal_37,finetuned,0.21154456861347912,0.1290316190484296
streamflow,t-EDM,5,marginal_38,finetuned,0.05116947317759245,0.14745041644908025
streamflow,t-EDM,5,marginal_39,finetuned,0.06966426692034088,0.0840794763145154
streamflow,t-EDM,5,marginal_40,finetuned,0.03301981579321665,0.09458291888921337
streamflow,t-EDM,5,marginal_41,finetuned,0.07447080302827917,0.11225479687815362
streamflow,t-EDM,5,marginal_42,finetuned,0.11708252091745305,0.10051363592017655
streamflow,t-EDM,5,marginal_43,finetuned,0.050938288469644634,0.17080231024044554
streamflow,t-EDM,5,marginal_44,finetuned,0.055637690607139766,0.13681012382437396
streamflow,t-EDM,5,marginal_45,finetuned,0.13015918192799664,0.07893549244887794
streamflow,t-EDM,5,marginal_46,finetuned,0.06819806072208934,0.11620347638315813
streamflow,t-EDM,5,marginal_47,finetuned,0.0726463879946596,0.07255207762887668
streamflow,t-EDM,5,marginal_48,finetuned,0.1142175843346787,0.0985944479283882
streamflow,t-EDM,5,marginal_49,finetuned,0.07707198156211631,0.07903191747855678
streamflow,t-EDM,5,marginal_50,finetuned,0.0679399652592877,0.08051362549776142
streamflow,t-EDM,5,marginal_51,finetuned,0.05604772978154939,0.06172971850208327
streamflow,t-EDM,5,marginal_52,finetuned,0.09348178956666503,0.08089947947057419
streamflow,t-EDM,5,marginal_53,finetuned,0.052096069861004034,0.05233038194253372
streamflow,t-EDM,5,marginal_54,finetuned,0.11704203049359682,0.08423153379234324
streamflow,t-EDM,5,marginal_55,finetuned,0.07437969986966347,0.05807862847125247
streamflow,t-EDM,5,marginal_56,finetuned,0.042188948465291524,0.04885217781848006
streamflow,t-EDM,5,marginal_57,finetuned,0.045421357020260726,0.07544714998819649
streamflow,t-EDM,5,marginal_58,finetuned,0.0757432511717233,0.11769263695374048
streamflow,t-EDM,5,marginal_59,finetuned,0.12972228758494064,0.1684747911413231
streamflow,t-EDM,5,marginal_60,finetuned,0.09367615459446346,0.07659824193342953
streamflow,t-EDM,5,marginal_61,finetuned,0.08453309379791782,0.18474779458494875
streamflow,t-EDM,5,marginal_62,finetuned,0.08285579953829272,0.0890170796388025
streamflow,t-EDM,5,marginal_63,finetuned,0.06566667307158378,0.06280049187674112
streamflow,SHD,,joint,pretrained,693.929845160021,3.9682005462390153
streamflow,SHD,,marginal_0,pretrained,16.7733194790616,3.036460518397277
streamflow,SHD,,marginal_1,pretrained,130.05446330687107,3.7919792366615885
streamflow,SHD,,marginal_2,pretrained,44.20676076385615,3.169760518432647
streamflow,SHD,,marginal_3,pretrained,37.191447828503364,2.598695555457717
streamflow,SHD,,marginal_4,pretrained,5.502571082281536,1.657261560548564
streamflow,SHD,,marginal_5,pretrained,2.122111319714195,0.6063691694785247
streamflow,SHD,,marginal_6,pretrained,81.48864201446318,3.303687911229171
streamflow,SHD,,marginal_7,pretrained,2.3633321957497913,1.0617316082559094
streamflow,SHD,,marginal_8,pretrained,125.003082846894,3.811440522200178
streamflow,SHD,,marginal_9,pretrained,44.871520819164175,3.251744241578275
streamflow,SHD,,marginal_10,pretrained,4.870785182803417,2.28445024371649
streamflow,SHD,,marginal_11,pretrained,136.36385218269464,3.8429953704818196
streamflow,SHD,,marginal_12,pretrained,10.99153473347213,2.279336572594077
streamflow,SHD,,marginal_13,pretrained,13.644963587082987,2.3714807891901954
streamflow,SHD,,marginal_14,pretrained,51.29889228177493,3.711477314932984
streamflow,SHD,,marginal_15,pretrained,251.54952097783826,3.9104570749005356
streamflow,SHD,,marginal_16,pretrained,35.56628219047581,3.426952492720319
streamflow,SHD,,marginal_17,pretrained,7.859983238338556,2.827383649906507
streamflow,SHD,,marginal_18,pretrained,16.44290992947184,3.348717988779722
streamflow,SHD,,marginal_19,pretrained,69.58764429602898,3.2571247881715557
streamflow,SHD,,marginal_20,pretrained,43.368242047710986,3.1722058860243054
streamflow,SHD,,marginal_21,pretrained,62.69456002039721,3.567483307227488
streamflow,SHD,,marginal_22,pretrained,12.501437265471226,3.1698545179726603
streamflow,SHD,,marginal_23,pretrained,67.49094582648267,3.4256387494007066
streamflow,SHD,,marginal_24,pretrained,2.4288377330805355,1.0546128346044292
streamflow,SHD,,marginal_25,pretrained,129.538819898711,3.756731339387565
streamflow,SHD,,marginal_26,pretrained,16.76396393482839,2.5902351380532886
streamflow,SHD,,marginal_27,pretrained,42.35850700441644,3.262595461339269
streamflow,SHD,,marginal_28,pretrained,27.653531125845966,3.080796160842144
streamflow,SHD,,marginal_29,pretrained,3.462773804641362,1.3845521765805766
streamflow,SHD,,marginal_30,pretrained,11.054144155545416,2.6208870598747547
streamflow,SHD,,marginal_31,pretrained,8.500350318369343,2.7485616411228895
streamflow,SHD,,marginal_32,pretrained,5.395068263245652,1.4802415003547738
streamflow,SHD,,marginal_33,pretrained,6.905815691588773,2.4679119986629723
streamflow,SHD,,marginal_34,pretrained,74.66484858965859,3.7904043894541117
streamflow,SHD,,marginal_35,pretrained,111.54416695562233,3.6292306958389964
streamflow,SHD,,marginal_36,pretrained,6.877842319677548,2.3644751051324056
streamflow,SHD,,marginal_37,pretrained,84.65403940676326,3.6024638777551004
streamflow,SHD,,marginal_38,pretrained,2.844377950455852,1.8368324813642372
streamflow,SHD,,marginal_39,pretrained,2.9181199770703743,1.0567909563603242
streamflow,SHD,,marginal_40,pretrained,5.895913465678311,2.5588335349933007
streamflow,SHD,,marginal_41,pretrained,52.065397304072484,3.355779978374776
streamflow,SHD,,marginal_42,pretrained,16.580863054830548,3.273543312879304
streamflow,SHD,,marginal_43,pretrained,3.9420234894066355,3.0299355941971986
streamflow,SHD,,marginal_44,pretrained,30.92305058968731,3.170310609585683
streamflow,SHD,,marginal_45,pretrained,241.60928456103736,3.945528677349227
streamflow,SHD,,marginal_46,pretrained,10.572028051732811,2.8126105512555997
streamflow,SHD,,marginal_47,pretrained,53.3883492902518,3.3480866409933645
streamflow,SHD,,marginal_48,pretrained,28.95444949785188,3.017239879994342
streamflow,SHD,,marginal_49,pretrained,5.587832286513044,2.3672771991475594
streamflow,SHD,,marginal_50,pretrained,69.0881416632579,3.533560276780057
streamflow,SHD,,marginal_51,pretrained,4.982712949965467,2.4322351232366524
streamflow,SHD,,marginal_52,pretrained,5.1297691806945735,1.6636477733870532
streamflow,SHD,,marginal_53,pretrained,131.73371056477612,3.934253424018216
streamflow,SHD,,marginal_54,pretrained,42.029826566929295,3.4341843516813504
streamflow,SHD,,marginal_55,pretrained,15.306242546550202,2.91521587678542
streamflow,SHD,,marginal_56,pretrained,8.894687938161157,3.0080930053854535
streamflow,SHD,,marginal_57,pretrained,2.4166743554952212,1.6237668104948006
streamflow,SHD,,marginal_58,pretrained,6.06990318706215,2.295711266557881
streamflow,SHD,,marginal_59,pretrained,50.555296808329814,3.3964723024692227
streamflow,SHD,,marginal_60,pretrained,5.56718869073914,1.744635640064431
streamflow,SHD,,marginal_61,pretrained,5.492250185622642,2.7721638276756706
streamflow,SHD,,marginal_62,pretrained,3.7481508338466623,1.9943300585147028
streamflow,SHD,,marginal_63,pretrained,4.173064973039531,1.5039262979874362
streamflow,SHD,,joint,finetuned,1.1708453143164754,0.078476239016942
streamflow,SHD,,marginal_0,finetuned,0.31048757015478273,0.26611925652992424
streamflow,SHD,,marginal_1,finetuned,0.46640925814741124,0.4255801742052471
streamflow,SHD,,marginal_2,finetuned,0.30031908530385,0.3039997447979005
streamflow,SHD,,marginal_3,finetuned,0.1978356991992785,0.1578003684432569
streamflow,SHD,,marginal_4,finetuned,0.17296218945659475,0.2132114251144813
streamflow,SHD,,marginal_5,finetuned,0.2250934886933122,0.10131992030668809
streamflow,SHD,,marginal_6,finetuned,0.2521353575804921,0.11169901178867672
streamflow,SHD,,marginal_7,finetuned,0.13648624668865755,0.21846802442274332
streamflow,SHD,,marginal_8,finetuned,0.2150690729716726,0.13735638937892453
streamflow,SHD,,marginal_9,finetuned,0.21624726885199796,0.2121235069509324
streamflow,SHD,,marginal_10,finetuned,0.13654113211465654,0.09416902528472856
streamflow,SHD,,marginal_11,finetuned,0.4100366131873425,0.20299040480212288
streamflow,SHD,,marginal_12,finetuned,0.09794479624144876,0.06385265135531352
streamflow,SHD,,marginal_13,finetuned,0.1417871782523712,0.11621737166870254
streamflow,SHD,,marginal_14,finetuned,0.25774282282408006,0.27900336388423896
streamflow,SHD,,marginal_15,finetuned,0.7243922691158526,0.29349142166651804
streamflow,SHD,,marginal_16,finetuned,0.21323279502930656,0.26177283991008
streamflow,SHD,,marginal_17,finetuned,0.11651767079069796,0.14100923836286178
streamflow,SHD,,marginal_18,finetuned,0.16754442148567864,0.12723017473770049
streamflow,SHD,,marginal_19,finetuned,0.3741110791713445,0.46968785019307885
streamflow,SHD,,marginal_20,finetuned,0.20990293170192775,0.30413832950550324
streamflow,SHD,,marginal_21,finetuned,0.19078855190385835,0.12039404025986482
streamflow,SHD,,marginal_22,finetuned,0.11657614546490176,0.09462172226908523
streamflow,SHD,,marginal_23,finetuned,0.18475114863232023,0.24902748830883464
streamflow,SHD,,marginal_24,finetuned,0.297317584423119,0.3371200524689467
streamflow,SHD,,marginal_25,finetuned,0.32330187964264595,0.1663718316871172
streamflow,SHD,,marginal_26,finetuned,0.31273972825905705,0.1963914298210317
streamflow,SHD,,marginal_27,finetuned,0.2181579971122904,0.2666554218074612
streamflow,SHD,,marginal_28,finetuned,0.1888159011139822,0.35396081648732325
streamflow,SHD,,marginal_29,finetuned,0.06107518371672676,0.06491055317409214
streamflow,SHD,,marginal_30,finetuned,0.11678779015743328,0.136475978722798
streamflow,SHD,,marginal_31,finetuned,0.14045265208205798,0.2702852438439075
streamflow,SHD,,marginal_32,finetuned,0.1849893291107467,0.0581641357273337
streamflow,SHD,,marginal_33,finetuned,0.37033523701623133,0.1753442541415176
streamflow,SHD,,marginal_34,finetuned,0.2098065693089058,0.31733807123017177
streamflow,SHD,,marginal_35,finetuned,0.3236656617561032,0.18326684879487815
streamflow,SHD,,marginal_36,finetuned,0.09835582546894302,0.1962778078100557
streamflow,SHD,,marginal_37,finetuned,0.45967299510772675,0.3057698115463582
streamflow,SHD,,marginal_38,finetuned,0.07968000446827257,0.12670493243766492
streamflow,SHD,,marginal_39,finetuned,0.19800444712896487,0.1990199467437268
streamflow,SHD,,marginal_40,finetuned,0.18013435991790533,0.3897266361435926
streamflow,SHD,,marginal_41,finetuned,0.19726702199519233,0.29348693889875827
streamflow,SHD,,marginal_42,finetuned,0.15143177099597893,0.1367918662781374
streamflow,SHD,,marginal_43,finetuned,0.178893187152553,0.5270671198495828
streamflow,SHD,,marginal_44,finetuned,0.17266835340766518,0.39167311697365537
streamflow,SHD,,marginal_45,finetuned,0.37372769270941614,0.1741408144441522
streamflow,SHD,,marginal_46,finetuned,0.11034650838319365,0.1373809373320822
streamflow,SHD,,marginal_47,finetuned,0.2097260825987623,0.4345435989181272
streamflow,SHD,,marginal_48,finetuned,0.34257913073747936,0.31645019818788656
streamflow,SHD,,marginal_49,finetuned,0.2831081973126374,0.21069255798820966
streamflow,SHD,,marginal_50,finetuned,0.14213706595395995,0.1334567278041833
streamflow,SHD,,marginal_51,finetuned,0.13526766629906817,0.09379005340824567
streamflow,SHD,,marginal_52,finetuned,0.06680140515563776,0.05165878786380247
streamflow,SHD,,marginal_53,finetuned,0.25918177169056833,0.21149666566051023
streamflow,SHD,,marginal_54,finetuned,0.19701844918872685,0.27227885648662775
streamflow,SHD,,marginal_55,finetuned,0.12660084651921455,0.14902390268322546
streamflow,SHD,,marginal_56,finetuned,0.13888495153194552,0.2032417794945148
streamflow,SHD,,marginal_57,finetuned,0.1642024858195346,0.2146976636836521
streamflow,SHD,,marginal_58,finetuned,0.059854199256956495,0.05583885823276673
streamflow,SHD,,marginal_59,finetuned,0.16192841828279678,0.2105173422591844
streamflow,SHD,,marginal_60,finetuned,0.1871230387295431,0.29719778207764774
streamflow,SHD,,marginal_61,finetuned,0.21222600281885265,0.9803524813269642
streamflow,SHD,,marginal_62,finetuned,0.1606805910472417,0.18805662044105786
streamflow,SHD,,marginal_63,finetuned,0.17315303320310815,0.23018246454256608
streamflow,DLPM,,joint,pretrained,3051.3911544877687,3.968700593081466
streamflow,DLPM,,marginal_0,pretrained,479.04572188083444,3.9522785136470886
streamflow,DLPM,,marginal_1,pretrained,424.83030441857665,3.949566625169453
streamflow,DLPM,,marginal_2,pretrained,297.9320286683379,3.934300634182603
streamflow,DLPM,,marginal_3,pretrained,506.25880862191104,3.9407612196831523
streamflow,DLPM,,marginal_4,pretrained,217.14830430647822,3.9493416295713715
streamflow,DLPM,,marginal_5,pretrained,263.96202687384124,3.9456835287919603
streamflow,DLPM,,marginal_6,pretrained,538.5426772129541,3.9448761148234
streamflow,DLPM,,marginal_7,pretrained,273.8039794039695,3.9475895555930256
streamflow,DLPM,,marginal_8,pretrained,284.6307315059718,3.9302583952221055
streamflow,DLPM,,marginal_9,pretrained,361.53111136762703,3.9460658763088774
streamflow,DLPM,,marginal_10,pretrained,255.88486657557016,3.9497918848538545
streamflow,DLPM,,marginal_11,pretrained,397.9051687753392,3.9482109541107
streamflow,DLPM,,marginal_12,pretrained,229.0654078235589,3.9305124546125336
streamflow,DLPM,,marginal_13,pretrained,340.26572030360325,3.9329971085019104
streamflow,DLPM,,marginal_14,pretrained,427.79448589797954,3.9500989802527577
streamflow,DLPM,,marginal_15,pretrained,612.3072166730185,3.9501858500917315
streamflow,DLPM,,marginal_16,pretrained,290.8669435333675,3.9339393050513443
streamflow,DLPM,,marginal_17,pretrained,244.96553065605983,3.941999973280146
streamflow,DLPM,,marginal_18,pretrained,274.50102503526506,3.943323133896077
streamflow,DLPM,,marginal_19,pretrained,302.37303653537873,3.9397089926331743
streamflow,DLPM,,marginal_20,pretrained,301.01379501138325,3.946566570202536
streamflow,DLPM,,marginal_21,pretrained,284.01033672496663,3.9316139962825476
streamflow,DLPM,,marginal_22,pretrained,356.6296023482309,3.947721460128941
streamflow,DLPM,,marginal_23,pretrained,262.87724460413165,3.941533249363135
streamflow,DLPM,,marginal_24,pretrained,217.4605690951862,3.9335977379660947
streamflow,DLPM,,marginal_25,pretrained,345.8889254271638,3.9373750665359752
streamflow,DLPM,,marginal_26,pretrained,369.2942871068168,3.943323503233979
streamflow,DLPM,,marginal_27,pretrained,277.73801326784155,3.937005856183066
streamflow,DLPM,,marginal_28,pretrained,258.97656719760215,3.9487808547556424
streamflow,DLPM,,marginal_29,pretrained,196.35153891194173,3.9277110835250744
streamflow,DLPM,,marginal_30,pretrained,225.15768216149345,3.9372931342458357
streamflow,DLPM,,marginal_31,pretrained,167.43490793151165,3.947719636024142
streamflow,DLPM,,marginal_32,pretrained,254.0308829696788,3.932807854229022
streamflow,DLPM,,marginal_33,pretrained,269.48559900050475,3.942602218779169
streamflow,DLPM,,marginal_34,pretrained,252.91731866799668,3.946965513280638
streamflow,DLPM,,marginal_35,pretrained,283.5819510274886,3.929608763860975
streamflow,DLPM,,marginal_36,pretrained,168.11745306808547,3.943390947309532
streamflow,DLPM,,marginal_37,pretrained,437.7516061474972,3.944279228356801
streamflow,DLPM,,marginal_38,pretrained,226.9415005161637,3.949536419999555
streamflow,DLPM,,marginal_39,pretrained,281.7417735275595,3.9447043367831918
streamflow,DLPM,,marginal_40,pretrained,147.72925489798544,3.9591609827013485
streamflow,DLPM,,marginal_41,pretrained,191.65192701747378,3.9343635713375216
streamflow,DLPM,,marginal_42,pretrained,364.32626845859903,3.945524930859142
streamflow,DLPM,,marginal_43,pretrained,199.71870778143094,3.95543426811009
streamflow,DLPM,,marginal_44,pretrained,268.6277527233629,3.9559747006615575
streamflow,DLPM,,marginal_45,pretrained,367.38235963785246,3.9391917476860123
streamflow,DLPM,,marginal_46,pretrained,224.09260277972217,3.9472056516146785
streamflow,DLPM,,marginal_47,pretrained,332.8837328000095,3.9564361515197617
streamflow,DLPM,,marginal_48,pretrained,518.603191779063,3.9544891256177186
streamflow,DLPM,,marginal_49,pretrained,266.35371393559484,3.9433405533223245
streamflow,DLPM,,marginal_50,pretrained,265.71485114669764,3.9465810713411758
streamflow,DLPM,,marginal_51,pretrained,193.53835323117457,3.9485446481450994
streamflow,DLPM,,marginal_52,pretrained,314.1783297061667,3.943804187989868
streamflow,DLPM,,marginal_53,pretrained,267.78542079529234,3.9403574607065366
streamflow,DLPM,,marginal_54,pretrained,266.3507293383626,3.9367774755132787
streamflow,DLPM,,marginal_55,pretrained,259.61364033531106,3.9400088195699263
streamflow,DLPM,,marginal_56,pretrained,207.23573854552714,3.9429519552735597
streamflow,DLPM,,marginal_57,pretrained,191.3939601506348,3.9423223080872716
streamflow,DLPM,,marginal_58,pretrained,212.84282423953837,3.932332195582833
streamflow,DLPM,,marginal_59,pretrained,207.06719576099601,3.9291870187008002
streamflow,DLPM,,marginal_60,pretrained,191.8598866736637,3.935189484995495
streamflow,DLPM,,marginal_61,pretrained,200.0972729029265,3.946615026440572
streamflow,DLPM,,marginal_62,pretrained,173.90140274674042,3.926200112685252
streamflow,DLPM,,marginal_63,pretrained,289.03230963531007,3.9429563332791893
streamflow,DLPM,,joint,finetuned,2.0661696916442023,0.1720878520860329
streamflow,DLPM,,marginal_0,finetuned,0.5765605526121448,0.3246901515644872
streamflow,DLPM,,marginal_1,finetuned,0.6543264043729975,0.39656410217780474
streamflow,DLPM,,marginal_2,finetuned,0.3674794951482855,0.2583492811814916
streamflow,DLPM,,marginal_3,finetuned,0.7787292496215837,0.19409990555500553
streamflow,DLPM,,marginal_4,finetuned,0.5747545841828162,1.2218971324514167
streamflow,DLPM,,marginal_5,finetuned,0.6650137957581814,1.2619645776650756
streamflow,DLPM,,marginal_6,finetuned,0.5228607210033163,0.14984005436459485
streamflow,DLPM,,marginal_7,finetuned,0.41648050502005135,0.3446299129514879
streamflow,DLPM,,marginal_8,finetuned,0.4107597694372768,0.16888000191217176
streamflow,DLPM,,marginal_9,finetuned,0.6204191466115933,0.2350535006677311
streamflow,DLPM,,marginal_10,finetuned,0.3381448587928131,0.9998564740956569
streamflow,DLPM,,marginal_11,finetuned,0.5391742964593675,0.2031864438745911
streamflow,DLPM,,marginal_12,finetuned,0.43481912486129254,0.2659444631219655
streamflow,DLPM,,marginal_13,finetuned,0.38054815401019954,0.09629092016459957
streamflow,DLPM,,marginal_14,finetuned,0.563568986227125,0.32679124382450675
streamflow,DLPM,,marginal_15,finetuned,1.1207530832979267,0.4680461673475757
streamflow,DLPM,,marginal_16,finetuned,0.4506477102329094,0.34371505327623275
streamflow,DLPM,,marginal_17,finetuned,0.3655032327228467,1.16364557894716
streamflow,DLPM,,marginal_18,finetuned,0.35830073676264146,0.19448670663744622
streamflow,DLPM,,marginal_19,finetuned,0.6730367808886141,0.43733548369043795
streamflow,DLPM,,marginal_20,finetuned,0.32584040602999015,0.33047709989468216
streamflow,DLPM,,marginal_21,finetuned,0.40021888384423543,0.1343640505750006
streamflow,DLPM,,marginal_22,finetuned,0.42898604026217335,0.321839586078407
streamflow,DLPM,,marginal_23,finetuned,0.3477278028708845,0.19536884200287435
streamflow,DLPM,,marginal_24,finetuned,0.4799490932271562,1.2298730253146577
streamflow,DLPM,,marginal_25,finetuned,0.49125589264077135,0.2714184791840143
streamflow,DLPM,,marginal_26,finetuned,0.3734536150059919,0.1413144815301119
streamflow,DLPM,,marginal_27,finetuned,0.4076544295745456,1.0354984569264922
streamflow,DLPM,,marginal_28,finetuned,0.434709652062417,0.35811813045686347
streamflow,DLPM,,marginal_29,finetuned,0.37627095825139273,0.23865841412195743
streamflow,DLPM,,marginal_30,finetuned,0.3522429694672772,0.9562094388950412
streamflow,DLPM,,marginal_31,finetuned,0.27325793882475397,0.546028124587011
streamflow,DLPM,,marginal_32,finetuned,0.355235664128097,0.1599087937643924
streamflow,DLPM,,marginal_33,finetuned,0.4472271708666126,0.2651507863779076
streamflow,DLPM,,marginal_34,finetuned,0.3098190647143562,1.008108944293693
streamflow,DLPM,,marginal_35,finetuned,0.5428121675982635,0.2591698016120099
streamflow,DLPM,,marginal_36,finetuned,0.2910037802692417,0.4298878883500813
streamflow,DLPM,,marginal_37,finetuned,0.8100296846827759,0.34647923748697146
streamflow,DLPM,,marginal_38,finetuned,0.3261426049021323,0.34664324543189623
streamflow,DLPM,,marginal_39,finetuned,0.3761787443006829,1.0063758887362835
streamflow,DLPM,,marginal_40,finetuned,0.28162783943730685,0.3494384690866799
streamflow,DLPM,,marginal_41,finetuned,0.32181288843245315,0.28819782825848744
streamflow,DLPM,,marginal_42,finetuned,0.5825123375101502,0.4034300988589026
streamflow,DLPM,,marginal_43,finetuned,0.26602341025839393,0.38386471880074785
streamflow,DLPM,,marginal_44,finetuned,0.3320596056918113,0.3347836144085045
streamflow,DLPM,,marginal_45,finetuned,0.56292923214557,0.9874348494649652
streamflow,DLPM,,marginal_46,finetuned,0.3826272175582416,0.38617083321067985
streamflow,DLPM,,marginal_47,finetuned,0.3929434890672073,1.106131496267974
streamflow,DLPM,,marginal_48,finetuned,0.5928899288761181,1.1701992055041568
streamflow,DLPM,,marginal_49,finetuned,0.3858652800209443,0.274992829463745
streamflow,DLPM,,marginal_50,finetuned,0.2728578193190835,0.16946575752743737
streamflow,DLPM,,marginal_51,finetuned,0.3107296865927335,1.012561112469461
streamflow,DLPM,,marginal_52,finetuned,0.31477548304651903,0.10611120667798295
streamflow,DLPM,,marginal_53,finetuned,0.35110739755575643,0.28218578013802154
streamflow,DLPM,,marginal_54,finetuned,0.5348639878873371,1.049863761671007
streamflow,DLPM,,marginal_55,finetuned,0.30814264673901,0.11930251974532054
streamflow,DLPM,,marginal_56,finetuned,0.3205374634871348,0.35806604400307906
streamflow,DLPM,,marginal_57,finetuned,0.3266957635237397,0.4620949035432931
streamflow,DLPM,,marginal_58,finetuned,0.3395273563393337,0.29448338043922034
streamflow,DLPM,,marginal_59,finetuned,0.34792165810963577,0.22370531949861375
streamflow,DLPM,,marginal_60,finetuned,0.36322713554347796,0.28596988015341707
streamflow,DLPM,,marginal_61,finetuned,0.3016390632377912,0.45339795089078516
streamflow,DLPM,,marginal_62,finetuned,0.3368717348648873,1.0320834709794917
streamflow,DLPM,,marginal_63,finetuned,0.3402598921545082,0.2187344154593677
streamflow,mTAF,,joint,pretrained,4.120634824108967,3.1386683297287967
streamflow,mTAF,,marginal_0,pretrained,0.2552128738834057,0.3228057572098118
streamflow,mTAF,,marginal_1,pretrained,0.2728423152709249,0.4271183612805854
streamflow,mTAF,,marginal_2,pretrained,0.29752816707970725,1.1607439803371666
streamflow,mTAF,,marginal_3,pretrained,0.48987126873450554,1.2750054114220737
streamflow,mTAF,,marginal_4,pretrained,0.049887688759694016,0.14571956439361938
streamflow,mTAF,,marginal_5,pretrained,0.06798012763400951,0.1695806792024326
streamflow,mTAF,,marginal_6,pretrained,0.3223474110673719,1.0496226117076533
streamflow,mTAF,,marginal_7,pretrained,0.1605156321581443,0.39664178146921375
streamflow,mTAF,,marginal_8,pretrained,0.29888139724426194,1.1435218240777605
streamflow,mTAF,,marginal_9,pretrained,0.24647650857205858,0.4523718535946409
streamflow,mTAF,,marginal_10,pretrained,0.1578523450162615,1.1022007654615038
streamflow,mTAF,,marginal_11,pretrained,0.3154258441633019,0.5110181042480886
streamflow,mTAF,,marginal_12,pretrained,0.2813688717243068,1.170375199361914
streamflow,mTAF,,marginal_13,pretrained,0.3501326752361801,1.235983067847987
streamflow,mTAF,,marginal_14,pretrained,0.396908213573957,0.5232229005328477
streamflow,mTAF,,marginal_15,pretrained,0.5496711625197096,1.4567170625225176
streamflow,mTAF,,marginal_16,pretrained,0.25725274204743326,1.1056467713028397
streamflow,mTAF,,marginal_17,pretrained,0.20445551598473616,1.159325297537685
streamflow,mTAF,,marginal_18,pretrained,0.22824344673626284,1.0769729628369622
streamflow,mTAF,,marginal_19,pretrained,0.2860512127143288,0.4989130446429774
streamflow,mTAF,,marginal_20,pretrained,0.12625590285527438,0.26004600773357983
streamflow,mTAF,,marginal_21,pretrained,0.4493642827371863,2.2157203143167763
streamflow,mTAF,,marginal_22,pretrained,0.36737909796106455,0.5844416571985256
streamflow,mTAF,,marginal_23,pretrained,0.21091587557523025,1.1805555728612287
streamflow,mTAF,,marginal_24,pretrained,0.19245236326345952,0.42570587367326873
streamflow,mTAF,,marginal_25,pretrained,0.38166229304614135,1.3295463222865258
streamflow,mTAF,,marginal_26,pretrained,0.20452778608044841,0.2971914338852139
streamflow,mTAF,,marginal_27,pretrained,0.29567521602136293,0.4424829696102373
streamflow,mTAF,,marginal_28,pretrained,0.20835518611258863,1.236202445025877
streamflow,mTAF,,marginal_29,pretrained,0.2086889252855346,1.1480830987749442
streamflow,mTAF,,marginal_30,pretrained,0.22598385786395792,1.1914778802861645
streamflow,mTAF,,marginal_31,pretrained,0.11229126434565607,0.40909268884539063
streamflow,mTAF,,marginal_32,pretrained,0.3197168883275569,2.088492217725581
streamflow,mTAF,,marginal_33,pretrained,0.2186147126272432,0.4119059167249068
streamflow,mTAF,,marginal_34,pretrained,0.19889084014529965,1.1604613433388538
streamflow,mTAF,,marginal_35,pretrained,0.3716988796310372,1.3047309658168784
streamflow,mTAF,,marginal_36,pretrained,0.13406228533315154,0.3604707105395584
streamflow,mTAF,,marginal_37,pretrained,0.3859931992172163,1.2922546401751789
streamflow,mTAF,,marginal_38,pretrained,0.08972090863442915,1.0831234510704895
streamflow,mTAF,,marginal_39,pretrained,0.20272073504417382,0.3525079074490547
streamflow,mTAF,,marginal_40,pretrained,0.05055356535851684,1.1084663369015664
streamflow,mTAF,,marginal_41,pretrained,0.165248727967234,0.30015557254876607
streamflow,mTAF,,marginal_42,pretrained,0.25266370184415526,0.36331101524257037
streamflow,mTAF,,marginal_43,pretrained,0.038619230768907935,0.24881447508998383
streamflow,mTAF,,marginal_44,pretrained,0.12196045936292647,1.0978982507040278
streamflow,mTAF,,marginal_45,pretrained,0.4309446220436697,1.4271238314571788
streamflow,mTAF,,marginal_46,pretrained,0.18123735978480068,1.216543731934562
streamflow,mTAF,,marginal_47,pretrained,0.13347156016348274,1.077708948107889
streamflow,mTAF,,marginal_48,pretrained,0.2960007767631731,0.4249206305371258
streamflow,mTAF,,marginal_49,pretrained,0.1875825788805794,0.4200729675221401
streamflow,mTAF,,marginal_50,pretrained,0.14320705461868144,0.291025644578996
streamflow,mTAF,,marginal_51,pretrained,0.19595788088982646,0.4647022455758666
streamflow,mTAF,,marginal_52,pretrained,0.23582671911272737,1.1042707464295738
streamflow,mTAF,,marginal_53,pretrained,0.2420301325222363,0.42002495449312427
streamflow,mTAF,,marginal_54,pretrained,0.2256750656182642,0.4757175153056278
streamflow,mTAF,,marginal_55,pretrained,0.2203128838313981,1.1872356785483942
streamflow,mTAF,,marginal_56,pretrained,0.15040294581990873,0.44580434793363394
streamflow,mTAF,,marginal_57,pretrained,0.17719419304278458,0.5734830873936592
streamflow,mTAF,,marginal_58,pretrained,0.25846585742148304,1.254893198126982
streamflow,mTAF,,marginal_59,pretrained,0.2963096326382903,1.23108543080548
streamflow,mTAF,,marginal_60,pretrained,0.1473835991339126,0.39644805275707845
streamflow,mTAF,,marginal_61,pretrained,0.12973274045777172,1.064108450420894
streamflow,mTAF,,marginal_62,pretrained,0.2019014761694209,1.1764170388814428
streamflow,mTAF,,marginal_63,pretrained,0.17731450162060275,1.0346513331848297
streamflow,mTAF,,joint,finetuned,0.6774183290904736,0.07527772026206729
streamflow,mTAF,,marginal_0,finetuned,0.2437846543903645,0.18036622975150235
streamflow,mTAF,,marginal_1,finetuned,0.1624766044852946,0.14331702830101714
streamflow,mTAF,,marginal_2,finetuned,0.14822459941226415,0.1521039754380941
streamflow,mTAF,,marginal_3,finetuned,0.2128483930070357,0.22108509532608886
streamflow,mTAF,,marginal_4,finetuned,0.05644551659121935,0.09059053111482003
streamflow,mTAF,,marginal_5,finetuned,0.07962290226894027,0.12818123817704416
streamflow,mTAF,,marginal_6,finetuned,0.11154617899584848,0.0579656398917997
streamflow,mTAF,,marginal_7,finetuned,0.12282197309422545,1.0093522812944715
streamflow,mTAF,,marginal_8,finetuned,0.13311342373259707,0.11817500679745885
streamflow,mTAF,,marginal_9,finetuned,0.07976243491398159,0.11287783712584525
streamflow,mTAF,,marginal_10,finetuned,0.08767644884050935,0.24503864756239704
streamflow,mTAF,,marginal_11,finetuned,0.11958909443089115,0.14838159606746001
streamflow,mTAF,,marginal_12,finetuned,0.10065182596004063,0.17160084487663133
streamflow,mTAF,,marginal_13,finetuned,0.11265704538708052,0.10155384268014034
streamflow,mTAF,,marginal_14,finetuned,0.2000658388734231,0.10794721402328922
streamflow,mTAF,,marginal_15,finetuned,0.29774517029690734,0.3609037093208137
streamflow,mTAF,,marginal_16,finetuned,0.10168793740813871,0.12156136546957423
streamflow,mTAF,,marginal_17,finetuned,0.12269603370867203,0.18842039334189534
streamflow,mTAF,,marginal_18,finetuned,0.10995577959085398,0.11429022692515492
streamflow,mTAF,,marginal_19,finetuned,0.15368835917932333,0.23918787099287325
streamflow,mTAF,,marginal_20,finetuned,0.07570866402257649,0.10501123485950421
streamflow,mTAF,,marginal_21,finetuned,0.16091821701063133,0.2339658944082108
streamflow,mTAF,,marginal_22,finetuned,0.17632942755517977,0.13201011163569074
streamflow,mTAF,,marginal_23,finetuned,0.09077381936801693,0.13903837530516192
streamflow,mTAF,,marginal_24,finetuned,0.16594758618705674,0.26266627704491796
streamflow,mTAF,,marginal_25,finetuned,0.15064631913033644,0.14750370674640406
streamflow,mTAF,,marginal_26,finetuned,0.10592584379882117,0.0970791029956811
streamflow,mTAF,,marginal_27,finetuned,0.11660593413562859,0.14912978133286922
streamflow,mTAF,,marginal_28,finetuned,0.1109179327198853,0.22947731479801403
streamflow,mTAF,,marginal_29,finetuned,0.10016801709778775,0.14537182547312197
streamflow,mTAF,,marginal_30,finetuned,0.08675739871757389,0.9445310219153352
streamflow,mTAF,,marginal_31,finetuned,0.07685933679405928,0.19531726319270037
streamflow,mTAF,,marginal_32,finetuned,0.09510657520799823,0.11828245139699083
streamflow,mTAF,,marginal_33,finetuned,0.10811121526331666,0.17792345623379574
streamflow,mTAF,,marginal_34,finetuned,0.11251452832393259,0.23207140545441102
streamflow,mTAF,,marginal_35,finetuned,0.1510411491840633,0.25681616854120454
streamflow,mTAF,,marginal_36,finetuned,0.06775507819396406,0.17628067358016436
streamflow,mTAF,,marginal_37,finetuned,0.2374899618148184,0.2902309303394874
streamflow,mTAF,,marginal_38,finetuned,0.0706153817034982,0.22005293651939603
streamflow,mTAF,,marginal_39,finetuned,0.09777577436229187,0.1811144363581377
streamflow,mTAF,,marginal_40,finetuned,0.034116760756705486,1.0325054869013335
streamflow,mTAF,,marginal_41,finetuned,0.07763723948337972,0.10636543395400208
streamflow,mTAF,,marginal_42,finetuned,0.1452529411360404,0.12208673252831097
streamflow,mTAF,,marginal_43,finetuned,0.04049015980907048,0.21011859755162604
streamflow,mTAF,,marginal_44,finetuned,0.100352563378765,0.24963835858379926
streamflow,mTAF,,marginal_45,finetuned,0.18145081395119106,0.2805772253686129
streamflow,mTAF,,marginal_46,finetuned,0.11666346716363662,0.25689189725744693
streamflow,mTAF,,marginal_47,finetuned,0.10860680760529631,0.2265198213556674
streamflow,mTAF,,marginal_48,finetuned,0.1927038286342727,0.24077316994780085
streamflow,mTAF,,marginal_49,finetuned,0.0973401696899648,0.15176336635879606
streamflow,mTAF,,marginal_50,finetuned,0.049292625709019336,0.11909980402361953
streamflow,mTAF,,marginal_51,finetuned,0.09807280027947575,0.18241789805090405
streamflow,mTAF,,marginal_52,finetuned,0.08033711164803958,0.12349426186863219
streamflow,mTAF,,marginal_53,finetuned,0.11127410686248068,0.1288296781629083
streamflow,mTAF,,marginal_54,finetuned,0.1324963397003383,0.24260362880522654
streamflow,mTAF,,marginal_55,finetuned,0.06270879073990052,0.09705458996163445
streamflow,mTAF,,marginal_56,finetuned,0.08065760285719549,0.17393517935638686
streamflow,mTAF,,marginal_57,finetuned,0.0994692121547484,0.2169710105033554
streamflow,mTAF,,marginal_58,finetuned,0.0819216591355677,0.1747638687488471
streamflow,mTAF,,marginal_59,finetuned,0.10377215997451925,0.14912687307503997
streamflow,mTAF,,marginal_60,finetuned,0.08744140545355478,0.16455978140599298
streamflow,mTAF,,marginal_61,finetuned,0.06248297405202627,0.18775449674166572
streamflow,mTAF,,marginal_62,finetuned,0.0960240141282969,0.21439248774753955
streamflow,mTAF,,marginal_63,finetuned,0.06515313782999728,0.12221644552162367
